,brand,model,processor_brand,processor_name,processor_gnrtn,ram_gb,ram_type,ssd_gb,hdd_gb,os,os_bit,graphic_card_gb,weight,display_size,warranty,msoffice,latest_price
0,Lenovo,A6-9225,AMD,A6-9225 Processor,10th,4,DDR4,0,1024,Windows,64,0,ThinNlight,Missing,0,No,324.87
1,Lenovo,Ideapad,AMD,APU Dual,10th,4,DDR4,0,512,Windows,64,0,Casual,Missing,0,No,254.67
2,Avita,PURA,AMD,APU Dual,10th,4,DDR4,128,0,Windows,64,0,ThinNlight,Missing,0,No,259.87
3,Avita,PURA,AMD,APU Dual,10th,4,DDR4,128,0,Windows,64,0,ThinNlight,Missing,0,No,279.37
4,Avita,PURA,AMD,APU Dual,10th,4,DDR4,256,0,Windows,64,0,ThinNlight,Missing,0,No,324.87
5,Avita,PURA,AMD,APU Dual,10th,8,DDR4,256,0,Windows,64,0,ThinNlight,14,0,No,324.87
6,HP,APU,AMD,APU Dual,10th,4,DDR4,0,1024,Windows,32,0,Casual,14,0,No,271.7
7,Lenovo,APU,AMD,APU Dual,10th,4,DDR4,0,1024,Windows,64,0,Casual,Missing,0,No,284.64799999999997
8,HP,Athlon,AMD,Athlon Dual,10th,32,DDR4,32,0,Windows,32,4,Casual,14,0,No,349.687
9,acer,Aspire,AMD,Athlon Dual,10th,4,DDR4,256,0,Windows,64,0,Casual,Missing,1,No,415.87
10,ASUS,ExpertBook,Intel,Core i3,10th,4,DDR4,0,1024,Windows,64,0,Casual,15.6,0,No,450.43699999999995
11,Lenovo,Missing,Intel,Core i3,10th,4,DDR4,0,1024,Windows,64,0,Casual,Missing,0,No,506.98699999999997
12,Lenovo,v15,Intel,Core i3,10th,4,DDR4,0,1024,Windows,64,0,Casual,15.6,0,No,519.987
13,ASUS,ExpertBook,Intel,Core i5,10th,8,DDR4,512,0,Windows,32,2,Casual,Missing,0,No,909.87
14,ASUS,VivoBook,Intel,Celeron Dual,Missing,4,DDR4,0,512,Windows,64,0,Casual,Missing,0,No,350.87
15,ASUS,EeeBook,Intel,Celeron Dual,Missing,4,DDR4,0,512,Windows,64,0,Casual,Missing,0,No,298.87
16,ASUS,EeeBook,Intel,Celeron Dual,Missing,4,DDR4,0,512,Windows,32,0,Casual,Missing,0,No,285.87
17,ASUS,ExpertBook,Intel,Core i5,10th,8,DDR4,0,1024,Windows,32,2,Casual,14,0,No,764.387
18,Lenovo,Missing,Intel,Core i5,10th,4,DDR4,0,1024,Windows,32,0,Casual,14,0,No,649.987
19,acer,Aspire,AMD,Ryzen,10th,4,DDR4,0,512,Windows,32,4,Casual,Missing,0,No,714.87
20,acer,Nitro,AMD,Ryzen 5,10th,4,DDR4,0,512,Windows,32,4,Casual,Missing,0,No,779.87
21,acer,Nitro,AMD,Ryzen 5,10th,4,DDR4,0,512,Windows,32,6,Casual,Missing,0,No,1218.1
22,acer,Nitro,AMD,Ryzen 5,10th,4,DDR4,0,512,Windows,32,4,Casual,Missing,0,No,948.87
23,Avita,Cosmos,Intel,Celeron Dual,Missing,4,DDR4,0,512,Windows,64,0,Casual,Missing,0,No,227.36999999999998
24,ASUS,EeeBook,Intel,Celeron Dual,Missing,4,DDR4,0,512,Windows,64,0,Casual,Missing,0,No,298.87
25,ASUS,ExpertBook,Intel,Core i3,11th,4,DDR4,256,0,Windows,64,0,Casual,Missing,0,No,467.87
26,HP,x360,Intel,Core i3,11th,8,DDR4,256,0,Windows,64,0,Casual,14,1,No,734.37
27,HP,x360,Intel,Core i5,11th,8,DDR4,256,0,Windows,64,0,Casual,14,1,No,850.0699999999999
28,Lenovo,IdeaPad,Intel,Celeron Dual,Missing,4,DDR4,256,0,Windows,64,0,ThinNlight,14,0,No,415.98699999999997
29,HP,Celeron,Intel,Celeron Dual,Missing,8,DDR4,256,0,Windows,64,0,ThinNlight,14,0,No,422.37
30,Lenovo,IdeaPad,Intel,Celeron Dual,Missing,4,DDR4,256,0,Windows,64,0,ThinNlight,Missing,0,No,413.387
31,ASUS,VivoBook,Intel,Celeron Dual,Missing,4,DDR4,256,0,Windows,64,0,Casual,Missing,0,No,388.57
32,ASUS,Celeron,Intel,Celeron Dual,Missing,4,DDR4,0,1024,Windows,64,0,Casual,15.6,1,No,311.87
33,HP,15q,Intel,Core i3,7th,4,DDR4,0,1024,Windows,64,0,Casual,15.6,0,No,428.41499999999996
34,HP,250-G6,Intel,Core i5,7th,4,DDR4,0,1024,Windows,32,2,Casual,15.6,0,No,600.6
35,ASUS,Missing,Intel,Core i3,11th,4,DDR4,256,0,Windows,64,0,ThinNlight,14,0,No,447.577
36,Lenovo,IdeaPad,Intel,Core i3,10th,8,DDR4,256,0,Windows,32,0,ThinNlight,15.6,2,Yes,493.87
37,ASUS,VivoBook,Intel,Core i3,11th,4,DDR4,256,0,Windows,32,0,Casual,15.6,1,Yes,467.87
38,ASUS,VivoBook,Intel,Core i3,10th,8,DDR4,256,0,Windows,64,0,ThinNlight,14,0,No,441.73999999999995
39,HP,Missing,Intel,Core i3,11th,8,DDR4,256,0,Windows,64,0,ThinNlight,14,1,Yes,519.87
40,DELL,Vostro,Intel,Core i3,10th,8,DDR4,256,0,Windows,64,0,ThinNlight,14,1,Yes,513.37
41,RedmiBook,15,Intel,Core i3,11th,8,DDR4,256,0,Windows,32,0,ThinNlight,15.6,1,No,506.87
42,HP,Pavilion,Intel,Core i3,11th,8,DDR4,256,0,Windows,64,0,Casual,14,1,Yes,701.87
43,acer,Aspire,Intel,Core i3,11th,8,DDR4,256,0,Windows,64,0,ThinNlight,15.6,1,No,506.87
44,realme,Book,Intel,Core i3,11th,8,DDR4,256,0,Windows,64,0,ThinNlight,14,1,Yes,610.87
45,ASUS,Missing,Intel,Core i3,11th,8,DDR4,256,0,Windows,64,0,ThinNlight,15.6,1,No,493.87
46,ASUS,VivoBook,Intel,Core i3,11th,8,DDR4,256,0,Windows,64,0,Casual,14,1,Yes,492.57
47,Lenovo,IdeaPad,Intel,Core i3,11th,8,DDR4,256,0,Windows,64,0,ThinNlight,14,1,No,506.87
48,Lenovo,IdeaPad,Intel,Core i3,10th,8,DDR4,256,0,Windows,64,0,ThinNlight,14,0,No,493.87
49,DELL,Vostro,Intel,Core i3,11th,8,DDR4,256,0,Windows,64,0,ThinNlight,14.96,1,Yes,545.87
50,ASUS,VivoBook,Intel,Core i3,11th,8,DDR4,256,0,Windows,64,0,Casual,15.6,1,No,597.87
51,Lenovo,IdeaPad,Intel,Core i3,11th,8,DDR4,256,0,Windows,64,0,ThinNlight,15.6,1,No,519.87
52,DELL,Inspiron,Intel,Core i3,11th,8,DDR4,256,0,Windows,64,0,ThinNlight,15.6,0,No,552.37
53,Infinix,INBook,Intel,Core i3,10th,8,LPDDR4X,256,0,Windows,64,0,ThinNlight,14,0,No,428.87
54,DELL,Vostro,Intel,Core i3,10th,4,DDR4,256,0,Windows,64,0,ThinNlight,14,1,Yes,480.87
55,Lenovo,Ideapad,Intel,Core i3,11th,8,DDR4,256,0,Windows,64,0,Casual,14,1,Yes,701.87
56,ASUS,VivoBook,Intel,Core i3,11th,8,DDR4,256,0,Windows,64,0,ThinNlight,14,0,No,480.87
57,Lenovo,IdeaPad,Intel,Core i3,10th,4,DDR4,256,0,Windows,64,0,Casual,15.6,2,No,506.21999999999997
58,DELL,Inspiron,Intel,Core i3,10th,4,DDR4,256,0,Windows,64,0,Casual,15,1,Yes,513.37
59,ASUS,VivoBook,Intel,Core i3,11th,8,DDR4,256,0,Windows,64,0,Casual,15.6,1,No,597.87
60,Lenovo,Ideapad,Intel,Core i3,10th,8,DDR4,256,0,Windows,64,0,Casual,15.6,2,Yes,519.987
61,DELL,Inspiron,Intel,Core i3,11th,8,DDR4,256,0,Windows,64,0,ThinNlight,15.6,1,No,558.87
62,DELL,Inspiron,Intel,Core i3,11th,8,DDR4,256,0,Windows,64,0,Casual,14,1,No,649.87
63,DELL,Vostro,Intel,Core i3,11th,8,DDR4,256,0,Windows,64,0,ThinNlight,14,1,Yes,539.37
64,DELL,Inspiron,Intel,Core i3,11th,8,DDR4,256,0,Windows,64,0,ThinNlight,14.96,0,No,545.87
65,Lenovo,Ideapad,Intel,Core i3,11th,8,DDR4,256,0,Windows,64,0,ThinNlight,14,1,Yes,545.87
66,Infinix,INBook,Intel,Core i3,10th,8,LPDDR4X,256,0,Windows,64,0,ThinNlight,14,0,No,428.87
67,ASUS,VivoBook,Intel,Core i3,11th,8,DDR4,256,0,Windows,64,0,Casual,15.6,1,No,500.37
68,Lenovo,Missing,Intel,Core i3,11th,4,DDR4,256,0,Windows,64,0,ThinNlight,15,1,Yes,506.87
69,Lenovo,ThinkPad,Intel,Core i3,11th,4,DDR4,256,0,Windows,64,0,Casual,15.6,1,Yes,584.87
70,Lenovo,IdeaPad,Intel,Core i3,10th,4,DDR4,256,0,Windows,64,0,ThinNlight,14,0,No,474.37
71,Lenovo,Missing,Intel,Core i3,10th,8,DDR4,256,0,Windows,32,0,Casual,15.6,0,No,506.60999999999996
72,HP,Missing,Intel,Core i3,11th,4,DDR4,256,0,Windows,64,0,ThinNlight,Missing,1,Yes,583.6999999999999
73,MSI,Missing,Intel,Core i3,10th,4,DDR4,256,0,Windows,64,0,ThinNlight,Missing,0,No,506.87
74,DELL,Vostro,Intel,Core i3,11th,4,DDR4,256,0,Windows,64,0,ThinNlight,Missing,0,No,577.5509999999999
75,ASUS,VivoBook,Intel,Core i3,10th,4,DDR4,256,0,Windows,64,0,Casual,Missing,1,No,467.87
76,Lenovo,Ideapad,Intel,Core i3,10th,4,DDR4,256,0,Windows,64,0,Casual,Missing,1,Yes,522.6
77,Lenovo,Missing,Intel,Core i3,10th,4,DDR4,256,0,Windows,32,0,Casual,Missing,0,No,532.87
78,DELL,Inspiron,Intel,Core i3,10th,4,DDR4,256,0,Windows,64,0,ThinNlight,Missing,1,No,552.37
79,realme,Book,Intel,Core i3,11th,4,DDR4,256,0,Windows,64,0,ThinNlight,Missing,1,Yes,623.987
80,acer,Chromebook,Intel,Celeron Dual,Missing,4,DDR4,0,512,Windows,32,0,Casual,Missing,0,No,311.87
81,DELL,Missing,Intel,Core i3,11th,4,DDR4,256,0,Windows,64,0,Casual,Missing,0,No,935.987
82,ASUS,VivoBook,Intel,Core i3,11th,4,DDR4,256,0,Windows,64,0,Casual,Missing,1,No,519.87
83,Lenovo,IdeaPad,Intel,Core i3,10th,4,DDR4,256,0,Windows,64,0,Casual,Missing,1,Yes,545.9739999999999
84,ASUS,Missing,Intel,Core i3,11th,4,DDR4,256,0,Windows,32,0,Casual,Missing,0,No,545.87
85,Lenovo,Ideapad,Intel,Core i3,10th,4,DDR4,256,0,Windows,64,0,Casual,Missing,2,Yes,519.987
86,ASUS,Commercial,Intel,Core i3,10th,4,DDR4,256,0,Windows,32,0,Casual,Missing,0,No,519.87
87,Lenovo,Ideapad,Intel,Core i3,11th,4,DDR4,256,0,Windows,64,0,Casual,Missing,0,No,519.9739999999999
88,HP,14s,Intel,Core i3,11th,4,DDR4,256,0,Windows,64,0,ThinNlight,Missing,1,Yes,552.37
89,Lenovo,Missing,Intel,Core i3,10th,4,DDR4,256,0,Windows,32,0,Casual,Missing,0,No,545.87
90,ASUS,Missing,Intel,Core i3,11th,4,DDR4,256,0,Windows,32,0,Casual,Missing,0,No,630.37
91,HP,Missing,Intel,Core i3,11th,4,DDR4,256,0,Windows,64,0,ThinNlight,Missing,1,Yes,576.8879999999999
92,DELL,Missing,Intel,Core i3,11th,4,DDR4,256,0,Windows,32,0,Casual,Missing,0,No,570.6999999999999
93,DELL,INSPIRON,Intel,Core i3,11th,4,DDR4,256,0,Windows,64,0,Casual,Missing,1,No,606.97
94,Lenovo,Missing,Intel,Core i3,10th,4,DDR4,256,0,Windows,32,0,Casual,Missing,0,No,532.87
95,DELL,Inspiron,Intel,Core i3,10th,4,DDR4,256,0,Windows,64,0,ThinNlight,Missing,1,No,519.87
96,Lenovo,V15,Intel,Core i3,11th,4,DDR4,256,0,Windows,64,0,ThinNlight,Missing,0,No,571.87
97,ASUS,VivoBook,Intel,Core i3,11th,4,DDR4,256,0,Windows,64,0,ThinNlight,Missing,1,No,480.87
98,DELL,Missing,Intel,Core i3,11th,8,DDR4,256,0,Windows,64,0,Casual,15.6,1,No,630.5
99,ASUS,VivoBook,Intel,Core i3,11th,8,DDR4,256,0,Windows,64,0,Casual,15.6,0,No,636.87
100,ASUS,Chromebook,Intel,Celeron Dual,Missing,4,LPDDR4,0,512,Windows,32,0,Casual,Missing,0,No,305.37
101,HP,Pavilion,Intel,Core i3,8th,4,DDR4,256,0,Windows,64,0,Casual,14,1,Yes,705.0939999999999
102,ASUS,VivoBook,Intel,Core i3,10th,8,DDR4,512,0,Windows,64,0,Casual,15.6,1,No,493.87
103,HP,Missing,Intel,Core i3,11th,8,DDR4,512,0,Windows,64,0,ThinNlight,15.6,1,Yes,558.87
104,HP,Missing,Intel,Core i3,11th,8,DDR4,512,0,Windows,64,0,ThinNlight,15.6,1,Yes,558.87
105,ASUS,VivoBook,Intel,Core i3,10th,4,DDR4,512,0,Windows,64,0,Casual,15.6,1,No,467.87
106,RedmiBook,15,Intel,Core i3,11th,8,DDR4,512,0,Windows,32,0,ThinNlight,15.6,1,No,558.87
107,ASUS,VivoBook,Intel,Core i3,11th,8,DDR4,512,0,Windows,64,0,Casual,14,1,No,558.87
108,ASUS,VivoBook,Intel,Core i3,11th,8,LPDDR4X,512,0,Windows,32,0,Casual,14,1,Yes,675.87
109,ASUS,VivoBook,Intel,Core i3,11th,8,DDR4,512,0,Windows,64,0,Casual,15.6,1,No,636.87
110,ASUS,VivoBook,Intel,Core i3,11th,8,DDR4,512,0,Windows,64,0,Casual,14,1,No,558.87
111,Lenovo,Missing,Intel,Core i3,10th,8,DDR4,512,0,Windows,64,0,ThinNlight,15.6,1,No,506.87
112,DELL,Inspiron,Intel,Core i3,11th,8,DDR4,512,0,Windows,64,0,ThinNlight,14.96,0,No,597.87
113,HP,Missing,Intel,Core i3,10th,8,DDR4,512,0,Windows,64,0,ThinNlight,15.6,1,Yes,552.37
114,HP,Missing,Intel,Core i3,11th,8,DDR4,512,0,Windows,64,0,ThinNlight,15.6,1,Yes,571.61
115,ASUS,Missing,Intel,Core i3,10th,4,DDR4,512,0,Windows,64,0,ThinNlight,15.6,1,Yes,519.87
116,MSI,Missing,Intel,Core i3,11th,8,DDR4,512,0,Windows,64,0,ThinNlight,14,0,No,636.87
117,HP,Pavilion,Intel,Core i3,11th,8,DDR4,512,0,Windows,64,0,Casual,14,1,Yes,714.87
118,MSI,Missing,Intel,Core i3,10th,8,DDR4,512,0,Windows,64,0,ThinNlight,14,0,No,532.87
119,ASUS,VivoBook,Intel,Core i3,11th,8,DDR4,512,0,Windows,64,0,ThinNlight,14.1,1,Yes,545.87
120,Lenovo,IdeaPad,Intel,Core i3,11th,8,DDR4,512,0,Windows,64,0,ThinNlight,14,1,No,714.87
121,ASUS,VivoBook,Intel,Core i3,11th,8,DDR4,512,0,Windows,64,0,Casual,14,1,Yes,584.87
122,HP,Missing,Intel,Core i3,11th,8,DDR4,512,0,Windows,64,0,Casual,15.6,1,No,536.25
123,HP,Missing,Intel,Core i3,11th,8,DDR4,512,0,Windows,64,0,ThinNlight,14,0,No,584.87
124,ASUS,VivoBook,Intel,Core i3,11th,8,DDR4,512,0,Windows,64,0,Casual,14,1,No,558.87
125,DELL,Missing,Intel,Core i3,11th,8,DDR4,512,0,Windows,64,0,Casual,14,1,No,790.27
126,HP,Missing,Intel,Core i3,11th,8,DDR4,512,0,Windows,64,0,Casual,15.6,0,No,593.4499999999999
127,DELL,Vostro,Intel,Core i3,10th,8,DDR4,512,0,Windows,64,0,ThinNlight,14,1,Yes,545.87
128,DELL,Inspiron,Intel,Core i3,10th,8,DDR4,512,0,Windows,64,0,ThinNlight,15.6,1,No,591.37
129,ASUS,VivoBook,Intel,Core i3,11th,8,DDR4,512,0,Windows,64,0,ThinNlight,14.1,1,Yes,584.87
130,Lenovo,IdeaPad,Intel,Core i3,11th,8,DDR4,512,0,Windows,64,0,ThinNlight,15.6,2,Yes,558.87
131,HP,15s,Intel,Core i3,11th,4,DDR4,512,0,Windows,64,0,ThinNlight,Missing,1,Yes,591.37
132,HP,Missing,Intel,Core i3,10th,4,DDR4,512,0,Windows,32,0,Casual,Missing,0,No,504.387
133,HP,Pavilion,Intel,Core i3,11th,4,DDR4,512,0,Windows,64,0,Casual,Missing,1,Yes,900.471
134,ASUS,VivoBook,Intel,Core i3,11th,4,DDR4,512,0,Windows,64,0,Casual,Missing,1,Yes,671.437
135,HP,Missing,Intel,Core i3,11th,4,DDR4,512,0,Windows,64,0,ThinNlight,Missing,1,Yes,623.87
136,ASUS,VivoBook,Intel,Core i3,10th,4,DDR4,512,0,Windows,64,0,Casual,Missing,1,No,532.87
137,ASUS,Missing,Intel,Core i3,10th,4,DDR4,512,0,Windows,64,0,ThinNlight,Missing,1,Yes,558.87
138,ASUS,VivoBook,Intel,Core i3,11th,4,DDR4,512,0,Windows,64,0,Casual,Missing,1,No,583.5699999999999
139,ASUS,VivoBook,Intel,Core i3,10th,4,DDR4,512,0,Windows,64,0,Casual,Missing,1,No,539.37
140,HP,15s,Intel,Core i3,11th,4,DDR4,512,0,Windows,32,0,ThinNlight,Missing,1,No,662.87
141,HP,Missing,Intel,Core i3,11th,4,DDR4,512,0,Windows,64,0,ThinNlight,Missing,1,Yes,635.6999999999999
142,ASUS,VivoBook,Intel,Core i3,10th,4,DDR4,512,0,Windows,64,0,Casual,Missing,1,No,532.87
143,DELL,Vostro,Intel,Core i3,10th,4,DDR4,512,0,Windows,64,0,Casual,Missing,0,No,543.27
144,Lenovo,Ideapad,Intel,Core i3,11th,4,DDR4,512,0,Windows,64,0,Casual,Missing,1,Yes,753.987
145,DELL,Inspiron,Intel,Core i3,11th,8,DDR4,512,0,Windows,64,0,ThinNlight,15.6,0,No,597.0899999999999
146,HP,Pavilion,Intel,Core i3,11th,8,DDR4,512,0,Windows,64,0,Casual,14,1,Yes,721.37
147,ASUS,VivoBook,Intel,Core i3,10th,8,DDR4,0,1024,Windows,64,0,Casual,14.1,1,No,427.57
148,Lenovo,IdeaPad,Intel,Core i3,10th,8,DDR4,0,1024,Windows,64,0,ThinNlight,15.6,1,Yes,467.87
149,DELL,Inspiron,Intel,Core i3,11th,8,DDR4,0,1024,Windows,64,0,ThinNlight,15.6,0,No,552.37
150,DELL,Vostro,Intel,Core i3,11th,8,DDR4,0,1024,Windows,64,0,ThinNlight,14,0,No,548.47
151,DELL,Vostro,Intel,Core i3,10th,8,DDR4,0,1024,Windows,64,0,ThinNlight,14,1,Yes,513.37
152,HP,15s,Intel,Core i3,11th,8,DDR4,0,1024,Windows,64,0,ThinNlight,15.6,1,Yes,567.97
153,ASUS,VivoBook,Intel,Core i3,10th,4,DDR4,0,1024,Windows,64,0,Casual,15.6,1,No,467.87
154,DELL,3000,Intel,Core i3,11th,8,DDR4,0,1024,Windows,32,0,Casual,15.6,0,No,569.4
155,Lenovo,Missing,Intel,Core i3,10th,8,DDR4,0,1024,Windows,32,0,Casual,15.6,0,No,506.87
156,ASUS,VivoBook,Intel,Core i3,10th,4,DDR4,0,1024,Windows,64,0,ThinNlight,15.6,1,No,454.87
157,ASUS,VivoBook,Intel,Core i3,11th,8,DDR4,0,1024,Windows,64,0,Casual,15.6,1,No,505.7
158,DELL,Inspiron,Intel,Core i3,10th,4,DDR4,0,1024,Windows,64,0,ThinNlight,Missing,1,No,519.87
159,DELL,INSPIRON,Intel,Core i3,10th,4,DDR4,0,1024,Windows,32,0,Casual,Missing,0,No,531.5699999999999
160,Lenovo,Missing,Intel,Core i3,10th,4,DDR4,0,1024,Windows,64,0,ThinNlight,Missing,1,No,480.87
161,HP,15s,Intel,Core i3,11th,4,DDR4,0,1024,Windows,64,0,ThinNlight,Missing,1,Yes,519.87
162,HP,Missing,Intel,Core i3,11th,4,DDR4,0,1024,Windows,64,0,ThinNlight,Missing,1,Yes,545.87
163,DELL,Missing,Intel,Core i3,11th,4,DDR4,0,1024,Windows,32,0,Casual,Missing,0,No,571.61
164,HP,Notebook,Intel,Core i3,11th,4,DDR4,0,1024,Windows,64,0,ThinNlight,Missing,1,No,517.27
165,ASUS,Missing,Intel,Core i3,10th,4,DDR4,0,1024,Windows,32,0,ThinNlight,Missing,0,No,462.66999999999996
166,HP,14s,Intel,Core i3,10th,4,DDR4,0,1024,Windows,64,0,ThinNlight,Missing,1,Yes,474.37
167,ASUS,VivoBook,Intel,Core i3,10th,4,DDR4,0,1024,Windows,64,0,ThinNlight,Missing,1,Yes,506.87
168,ASUS,Missing,Intel,Core i3,10th,4,DDR4,0,1024,Windows,32,0,ThinNlight,Missing,0,No,441.87
169,DELL,Inspiron,Intel,Core i3,10th,4,DDR4,0,1024,Windows,64,0,Casual,Missing,1,Yes,564.1999999999999
170,ASUS,Chromebook,Intel,Celeron Dual,Missing,4,LPDDR4,0,512,Windows,32,0,Casual,Missing,0,No,324.87
171,HP,15s,Intel,Core i3,10th,4,DDR4,0,1024,Windows,64,0,ThinNlight,Missing,1,Yes,529.75
172,DELL,Inspiron,Intel,Core i3,10th,4,DDR4,0,1024,Windows,64,0,ThinNlight,Missing,1,Yes,559.0
173,ASUS,Vivo,Intel,Core i3,10th,4,DDR4,0,1024,Windows,64,0,Casual,Missing,0,No,494.0
174,DELL,Inspiron,Intel,Core i3,11th,8,DDR4,0,1024,Windows,64,0,ThinNlight,14.96,1,Yes,493.87
175,HP,DA,Intel,Core i3,7th,8,DDR4,0,1024,Windows,64,2,Casual,15.6,0,No,640.627
176,Lenovo,Missing,Intel,Core i3,10th,8,DDR4,0,1024,Windows,32,0,Casual,15.6,0,No,506.98699999999997
177,ASUS,Missing,Intel,Core i3,11th,8,DDR4,0,1024,Windows,32,0,Casual,15.6,0,No,539.5
178,acer,Missing,Intel,Core i3,11th,4,DDR4,0,1024,Windows,32,0,Casual,15.6,0,No,480.98699999999997
179,DELL,Missing,Intel,Core i3,11th,8,DDR4,0,1024,Windows,32,0,Casual,15.6,0,No,557.6999999999999
180,ASUS,Chromebook,Intel,Celeron Dual,Missing,4,LPDDR4,0,512,Windows,32,0,Casual,Missing,0,No,279.37
181,DELL,Insprion,Intel,Core i3,11th,8,DDR4,0,1024,Windows,32,0,Casual,15.6,0,No,539.24
182,ASUS,VivoBook,Intel,Core i3,10th,8,DDR4,0,1024,Windows,64,0,Casual,15.6,0,No,428.87
183,ASUS,VivoBook,Intel,Core i3,11th,8,DDR4,0,1024,Windows,64,0,Casual,15.6,1,No,502.84
184,ASUS,Chromebook,Intel,Celeron Dual,Missing,4,LPDDR4,0,512,Windows,32,0,Casual,Missing,0,No,311.87
185,DELL,Missing,Intel,Core i3,10th,8,DDR4,0,1024,Windows,64,0,ThinNlight,14.96,0,No,525.0699999999999
186,ASUS,VivoBook,Intel,Core i3,10th,4,DDR4,0,1024,Windows,64,0,ThinNlight,14.1,0,No,441.87
187,ASUS,Chromebook,Intel,Celeron Dual,Missing,4,LPDDR4,0,512,Windows,32,0,Casual,Missing,0,No,266.37
188,DELL,Vostro,Intel,Core i3,10th,8,DDR4,256,1024,Windows,64,0,ThinNlight,15.6,1,Yes,539.37
189,DELL,Inspiron,Intel,Core i3,11th,8,DDR4,256,1024,Windows,64,0,Casual,15.6,0,No,591.37
190,DELL,Inspiron,Intel,Core i3,11th,8,DDR4,256,1024,Windows,64,0,Casual,15.6,0,No,578.37
191,ASUS,VivoBook,Intel,Core i3,11th,8,DDR4,256,1024,Windows,64,0,Casual,14.1,1,Yes,544.5699999999999
192,DELL,Vostro,Intel,Core i3,11th,4,DDR4,256,1024,Windows,64,0,ThinNlight,14,1,Yes,558.87
193,acer,Travelmate,Intel,Core i3,11th,8,DDR4,256,1024,Windows,64,0,Casual,14,0,No,532.87
194,DELL,Inspiron,Intel,Core i3,11th,8,DDR4,256,1024,Windows,64,0,ThinNlight,15.6,1,No,636.87
195,DELL,Vostro,Intel,Core i3,11th,4,DDR4,256,1024,Windows,64,0,ThinNlight,Missing,1,Yes,566.67
196,DELL,Inspiron,Intel,Core i3,10th,4,DDR4,256,1024,Windows,64,0,Casual,Missing,1,No,580.97
197,ASUS,ExpertBook,Intel,Core i3,10th,4,DDR4,256,1024,Windows,64,0,Casual,Missing,0,No,532.87
198,DELL,Vostro,Intel,Core i3,11th,4,DDR4,256,1024,Windows,64,0,ThinNlight,Missing,1,Yes,571.87
199,DELL,Vostro,Intel,Core i3,11th,4,DDR4,256,1024,Windows,64,0,ThinNlight,Missing,1,Yes,566.67
200,DELL,Vostro,Intel,Core i3,10th,4,DDR4,256,1024,Windows,64,0,ThinNlight,Missing,1,Yes,538.0699999999999
201,DELL,Vostro,Intel,Core i3,10th,4,DDR4,256,1024,Windows,64,0,ThinNlight,Missing,1,Yes,575.77
202,DELL,Inspiron,Intel,Core i3,11th,4,DDR4,256,1024,Windows,64,0,Casual,Missing,1,No,636.987
203,DELL,Vostro,Intel,Core i3,11th,4,DDR4,256,1024,Windows,64,0,ThinNlight,Missing,1,Yes,519.87
204,DELL,Missing,Intel,Core i3,10th,8,DDR4,256,1024,Windows,64,0,ThinNlight,15.6,0,No,603.0699999999999
205,ASUS,Chromebook,Intel,Celeron Dual,Missing,4,LPDDR4,0,512,Windows,64,0,Casual,Missing,0,No,246.86999999999998
206,ASUS,Chromebook,Intel,Celeron Dual,Missing,4,LPDDR4,0,512,Windows,32,0,Casual,Missing,0,No,233.86999999999998
207,HP,14a,Intel,Celeron Dual,Missing,4,DDR4,0,512,Windows,64,0,Casual,Missing,0,No,344.10999999999996
208,HP,Chromebook,Intel,Celeron Dual,Missing,4,DDR4,0,512,Windows,64,0,Casual,Missing,0,No,363.87
209,Lenovo,Celeron,Intel,Celeron Dual,Missing,4,DDR4,0,1024,Windows,32,0,Casual,15.6,0,No,389.98699999999997
210,Lenovo,IdeaPad,Intel,Celeron Dual,Missing,4,LPDDR4X,0,512,Windows,64,0,Casual,Missing,0,No,337.87
211,Lenovo,IdeaPad,Intel,Celeron Dual,Missing,4,LPDDR4,0,512,Windows,32,0,Casual,Missing,0,No,220.86999999999998
212,Lenovo,IdeaPad,Intel,Celeron Dual,Missing,4,LPDDR4,0,512,Windows,32,0,Casual,Missing,0,No,324.87
213,acer,Predator,Intel,Core,Missing,4,DDR4,0,512,Windows,32,0,Casual,Missing,0,No,1299.87
214,acer,Aspire,Intel,Core i5,Missing,8,DDR5,0,512,Windows,32,4,Casual,Missing,0,No,662.87
215,acer,Spin,Intel,Core i5,Missing,8,LPDDR4,0,512,Windows,32,0,Casual,Missing,1,No,1559.87
216,acer,Swift,Intel,Core i5,10th,8,LPDDR4,0,512,DOS,32,0,Casual,Missing,0,No,1224.47
217,ASUS,ROG,Intel,Core i5,10th,8,LPDDR4,0,512,DOS,32,4,Casual,Missing,0,No,1380.171
218,DELL,Missing,Intel,Core i5,10th,8,LPDDR4,0,512,DOS,32,4,Casual,Missing,1,No,885.17
219,DELL,XPS,Intel,Core i5,10th,8,LPDDR4,0,512,DOS,32,0,ThinNlight,Missing,1,No,1819.87
220,HP,15s,Intel,Core i5,10th,8,LPDDR4,0,512,DOS,32,0,ThinNlight,Missing,0,No,727.87
221,HP,Omen,Intel,Core i5,10th,8,LPDDR4,0,512,DOS,32,4,Casual,Missing,0,No,1333.163
222,lenovo,Ideapad,Intel,Core i5,10th,8,LPDDR4,0,512,DOS,32,0,Casual,Missing,0,No,948.87
223,Lenovo,Ideapad,Intel,Core i5,10th,8,LPDDR4,0,512,DOS,32,2,Casual,Missing,0,No,610.87
224,MICROSOFT,Surface,Intel,Core i5,10th,8,LPDDR4X,128,0,Windows,64,0,Casual,Missing,0,No,1302.47
225,Smartron,t.book,Intel,Core i5,7th,8,DDR3,128,0,Windows,64,0,Casual,Missing,0,No,688.87
226,MICROSOFT,Surface,Intel,Core i5,8th,8,DDR3,128,0,Windows,64,0,Casual,Missing,0,No,1195.9869999999999
227,Smartron,t.book,Intel,Core i5,7th,4,DDR3,128,0,Windows,64,0,Casual,12.2,0,No,688.87
228,HP,Pavilion,Intel,Core i5,8th,8,DDR4,128,0,Windows,64,0,ThinNlight,13.3,1,No,988.156
229,Lenovo,Ideapad,Intel,Core i5,11th,8,DDR4,256,0,Windows,64,0,Casual,15.6,2,Yes,643.37
230,lenovo,Yoga,Intel,Core i5,10th,8,LPDDR4,0,512,DOS,32,0,Casual,Missing,0,No,1338.87
231,acer,Swift,Intel,Core i5,7th,8,DDR3,256,0,Windows,64,0,ThinNlight,Missing,1,Yes,1129.271
232,LG,Gram,Intel,Core i5,10th,8,DDR4,256,0,Windows,64,0,Casual,Missing,0,No,1000.87
233,LG,Gram,Intel,Core i5,11th,8,DDR4,256,0,Windows,64,0,ThinNlight,Missing,0,No,1000.87
234,ASUS,VivoBook,Intel,Core i5,11th,8,DDR4,256,0,Windows,64,0,ThinNlight,Missing,1,No,636.87
235,LG,Gram,Intel,Core i5,10th,8,DDR4,256,0,Windows,64,0,Casual,Missing,0,No,818.87
236,DELL,Inspiron,Intel,Core i5,11th,8,DDR4,256,0,Windows,64,0,ThinNlight,Missing,0,No,727.87
237,acer,Swift,Intel,Core i5,8th,8,DDR3,256,0,Windows,64,0,ThinNlight,Missing,1,Yes,1065.974
238,LG,Gram,Intel,Core i5,11th,8,DDR4,256,0,Windows,64,0,ThinNlight,Missing,0,No,1000.87
239,HP,Spectre,Intel,Core i5,8th,8,DDR4,256,0,Windows,64,0,Casual,Missing,1,Yes,1775.6699999999998
240,acer,Swift,Intel,Core i5,8th,8,DDR4,256,0,Windows,64,0,ThinNlight,13.3,1,No,773.37
241,ASUS,VivoBook14,Intel,Core i5,11th,8,DDR4,256,0,Windows,64,0,ThinNlight,14.1,1,No,647.4
242,Lenovo,Ideapad,Intel,Core i5,11th,8,DDR4,256,0,Windows,64,0,Casual,15.6,1,Yes,805.987
243,HP,Missing,Intel,Core i5,11th,8,DDR4,512,0,Windows,64,0,ThinNlight,15.6,0,No,714.87
244,HP,Missing,Intel,Core i5,11th,8,DDR4,512,0,Windows,64,0,ThinNlight,15.6,1,No,701.87
245,Lenovo,Ideapad,Intel,Core i5,11th,8,DDR4,512,0,Windows,64,0,Casual,14,2,Yes,688.87
246,HP,Pavilion,Intel,Core i5,11th,16,DDR4,512,0,Windows,64,0,ThinNlight,14,1,Yes,883.87
247,ASUS,TUF,Intel,Core i5,10th,8,DDR4,512,0,Windows,64,4,Gaming,15.6,1,No,753.87
248,Lenovo,Ideapad,Intel,Core i5,11th,16,DDR4,512,0,Windows,64,0,ThinNlight,15.6,1,Yes,809.9
249,realme,Book(Slim),Intel,Core i5,11th,8,DDR4,512,0,Windows,64,0,Casual,14,1,Yes,688.87
250,Lenovo,Missing,Intel,Core i5,11th,8,DDR4,512,0,Windows,64,0,ThinNlight,15.6,1,No,688.87
251,Lenovo,IdeaPad,Intel,Core i5,11th,8,DDR4,512,0,Windows,64,0,ThinNlight,15.6,2,Yes,675.87
252,Lenovo,IdeaPad,Intel,Core i5,11th,16,DDR4,512,0,Windows,64,0,ThinNlight,14,0,No,805.87
253,RedmiBook,Pro,Intel,Core i5,11th,8,DDR4,512,0,Windows,32,0,ThinNlight,15.6,1,No,636.87
254,ASUS,VivoBook,Intel,Core i5,11th,8,LPDDR4X,512,0,Windows,32,0,Casual,14,1,Yes,831.87
255,Lenovo,ThinkPad,Intel,Core i5,11th,8,DDR4,512,0,Windows,64,0,Casual,15.6,1,Yes,857.87
256,Nokia,PureBook,Intel,Core i5,10th,8,DDR4,512,0,Windows,64,0,ThinNlight,14,0,No,623.87
257,acer,Aspire,Intel,Core i5,11th,8,DDR4,512,0,Windows,64,0,ThinNlight,15.6,1,No,688.87
258,Lenovo,IdeaPad,Intel,Core i5,10th,8,DDR4,512,0,Windows,64,0,ThinNlight,15.6,1,No,649.87
259,ASUS,ASUS,Intel,Core i5,11th,8,DDR4,512,0,Windows,64,4,Gaming,17.3,0,No,935.87
260,ASUS,VivoBook,Intel,Core i5,10th,8,DDR4,512,0,Windows,64,0,Casual,15.6,1,No,623.87
261,Nokia,PureBook,Intel,Core i5,10th,8,DDR4,512,0,Windows,64,0,ThinNlight,14,0,No,597.87
262,Lenovo,IdeaPad,Intel,Core i5,10th,8,DDR4,512,0,Windows,32,0,ThinNlight,15.6,2,Yes,630.37
263,ASUS,ASUS,Intel,Core i5,11th,8,DDR4,512,0,Windows,64,4,Gaming,17.3,0,No,948.87
264,MSI,Katana,Intel,Core i5,11th,16,DDR4,512,0,Windows,64,4,Casual,15.6,2,No,1000.87
265,ASUS,TUF,Intel,Core i5,11th,16,DDR4,512,0,Windows,64,6,Gaming,15.6,1,Yes,1169.87
266,MSI,GF63,Intel,Core i5,10th,8,DDR4,512,0,Windows,64,4,Casual,15.6,2,No,779.87
267,ASUS,TUF,Intel,Core i5,10th,8,DDR4,512,0,Windows,64,4,Gaming,15.6,1,Yes,857.87
268,DELL,Inspiron,Intel,Core i5,11th,8,DDR4,512,0,Windows,64,0,Casual,14,0,No,935.87
269,DELL,Inspiron,Intel,Core i5,11th,8,DDR4,512,0,Windows,64,0,Casual,14,0,No,934.5699999999999
270,Lenovo,IdeaPad,Intel,Core i5,11th,16,DDR4,512,0,Windows,64,0,ThinNlight,15.6,0,No,844.87
271,ASUS,VivoBook,Intel,Core i5,11th,16,DDR4,512,0,Windows,64,0,Casual,14,1,No,857.87
272,HP,Missing,Intel,Core i5,11th,8,DDR4,512,0,Windows,64,0,ThinNlight,15.6,0,No,727.987
273,ASUS,VivoBook,Intel,Core i5,11th,16,DDR4,512,0,Windows,64,4,Casual,14,1,No,955.37
274,HP,Pavilion,Intel,Core i5,11th,16,DDR4,512,0,Windows,64,0,ThinNlight,14,1,Yes,968.37
275,HP,Pavilion,Intel,Core i5,11th,8,DDR4,512,0,Windows,64,0,ThinNlight,14,1,Yes,758.42
276,acer,Aspire,Intel,Core i5,11th,8,DDR4,512,0,Windows,64,0,ThinNlight,14,1,No,727.987
277,DELL,Inspiron,Intel,Core i5,11th,16,DDR4,512,0,Windows,64,0,ThinNlight,14,0,No,883.87
278,ASUS,VivoBook,Intel,Core i5,11th,16,DDR4,512,0,Windows,64,0,Casual,14,1,No,779.87
279,ASUS,TUF,Intel,Core i5,11th,16,DDR4,512,0,Windows,64,6,Casual,15.6,1,Yes,1078.87
280,DELL,Vostro,Intel,Core i5,11th,8,DDR4,512,0,Windows,64,2,Casual,14,1,Yes,834.4699999999999
281,DELL,Missing,Intel,Core i5,11th,16,DDR4,512,0,Windows,64,0,ThinNlight,14,0,No,911.17
282,realme,Book(Slim),Intel,Core i5,11th,8,DDR4,512,0,Windows,64,0,Casual,14,1,Yes,792.987
283,ASUS,Missing,Intel,Core i5,10th,8,DDR4,512,0,Windows,64,2,ThinNlight,15.6,1,No,649.87
284,MSI,Missing,Intel,Core i5,11th,8,DDR4,512,0,Windows,64,0,ThinNlight,14,0,No,721.37
285,HP,Spectre,Intel,Core i5,11th,8,LPDDR4X,512,0,Windows,64,0,Casual,13.3,0,No,1273.87
286,ASUS,VivoBook,Intel,Core i5,9th,8,DDR4,512,0,Windows,64,4,Gaming,15.6,1,Yes,714.87
287,Lenovo,Thinkbook,Intel,Core i5,11th,8,DDR4,512,0,Windows,64,0,ThinNlight,15,1,Yes,779.87
288,Lenovo,IdeaPad,Intel,Core i5,11th,8,DDR4,512,0,Windows,64,0,ThinNlight,15.6,1,Yes,701.87
289,HP,Pavilion,Intel,Core i5,11th,16,DDR4,512,0,Windows,64,0,ThinNlight,14,1,Yes,870.987
290,acer,Intel,Intel,Core i5,11th,8,LPDDR4X,512,0,Windows,64,0,ThinNlight,14,1,Yes,792.87
291,ASUS,Missing,Intel,Core i5,10th,8,DDR4,512,0,Windows,64,0,ThinNlight,15.6,1,Yes,623.87
292,HP,Missing,Intel,Core i5,11th,8,DDR4,512,0,Windows,32,0,ThinNlight,14,1,Yes,779.987
293,DELL,G15,Intel,Core i5,10th,16,DDR4,512,0,Windows,64,4,Casual,15.6,1,No,1039.87
294,ASUS,TUF,Intel,Core i5,10th,8,DDR4,512,0,Windows,64,4,Gaming,15.6,1,No,831.87
295,HP,Pavilion,Intel,Core i5,11th,8,DDR4,512,0,Windows,64,0,ThinNlight,15.6,1,Yes,831.87
296,ASUS,VivoBook,Intel,Core i5,11th,16,DDR4,512,0,Windows,64,0,Casual,14,1,No,779.87
297,Lenovo,IdeaPad,Intel,Core i5,11th,8,DDR4,512,0,Windows,64,0,ThinNlight,14,1,No,727.87
298,ASUS,VivoBook,Intel,Core i5,11th,16,DDR4,512,0,Windows,64,0,Casual,14,1,No,779.87
299,HP,Pavilion,Intel,Core i5,11th,8,DDR4,512,0,Windows,64,0,ThinNlight,15.6,1,Yes,831.87
300,DELL,Vostro,Intel,Core i5,11th,16,DDR4,512,0,Windows,64,2,Casual,14,1,Yes,903.37
301,DELL,Inspiron,Intel,Core i5,11th,16,DDR4,512,0,Windows,64,0,Casual,14,1,Yes,1162.07
302,ASUS,ZenBook,Intel,Core i5,11th,8,LPDDR4X,512,0,Windows,64,0,ThinNlight,13.3,0,No,974.87
303,Lenovo,Thinkbook,Intel,Core i5,11th,8,DDR4,512,0,Windows,64,0,Casual,14,3,Yes,844.87
304,Lenovo,Legion,Intel,Core i5,10th,8,DDR4,512,0,Windows,64,4,Casual,15.6,1,Yes,864.37
305,DELL,Inspiron,Intel,Core i5,11th,16,DDR4,512,0,Windows,64,2,Casual,15.6,1,Yes,1166.126
306,Lenovo,Ideapad,Intel,Core i5,11th,16,DDR4,512,0,Windows,64,2,Casual,15.6,1,Yes,922.87
307,Infinix,INBook,Intel,Core i5,10th,8,LPDDR4X,512,0,Windows,64,0,ThinNlight,14,0,No,552.37
308,ASUS,VivoBook,Intel,Core i5,11th,16,DDR4,512,0,Windows,64,0,Casual,17.3,1,Yes,766.87
309,Lenovo,Ideapad,Intel,Core i5,10th,8,DDR4,512,0,Windows,64,2,Casual,15.6,1,Yes,747.5
310,DELL,Inspiron,Intel,Core i5,11th,8,DDR4,512,0,Windows,64,2,Casual,14,1,Yes,1039.87
311,MSI,Modern,Intel,Core i5,10th,8,DDR4,512,0,Windows,64,0,Casual,14,0,No,735.033
312,ASUS,Missing,Intel,Core i5,11th,16,DDR4,512,0,Windows,64,0,ThinNlight,17.3,0,No,779.87
313,Lenovo,ThinkBook,Intel,Core i5,11th,16,DDR4,512,0,Windows,64,0,Casual,13,1,Yes,844.87
314,DELL,Missing,Intel,Core i5,11th,8,DDR4,512,0,Windows,64,0,ThinNlight,14,1,No,796.77
315,Lenovo,Missing,Intel,Core i5,11th,8,DDR4,512,0,Windows,64,0,ThinNlight,14,1,Yes,714.87
316,Lenovo,ThinkBook,Intel,Core i5,11th,8,DDR4,512,0,Windows,64,0,Casual,Missing,1,Yes,779.87
317,ASUS,ASUS,Intel,Core i5,11th,8,DDR4,512,0,Windows,32,6,Casual,16,1,No,1104.87
318,HP,Pavilion,Intel,Core i5,11th,8,DDR4,512,0,Windows,64,0,ThinNlight,16,1,Yes,942.5
319,Lenovo,IdeaPad,Intel,Core i5,11th,8,DDR4,512,0,Windows,64,4,Gaming,Missing,0,No,779.87
320,Lenovo,Yoga,Intel,Core i5,11th,8,DDR4,512,0,Windows,64,0,Casual,16,1,Yes,1143.87
321,HP,14s,Intel,Core i5,11th,8,DDR4,512,0,Windows,64,0,ThinNlight,Missing,0,No,753.87
322,DELL,Inspiron,Intel,Core i5,11th,8,DDR4,512,0,Windows,64,0,ThinNlight,16,1,Yes,903.37
323,Lenovo,Thinkbook,Intel,Core i5,11th,8,DDR4,512,0,Windows,64,0,Casual,16,3,Yes,896.87
324,Lenovo,Missing,Intel,Core i5,11th,8,DDR4,512,0,Windows,32,0,Casual,16,1,Yes,1013.87
325,ASUS,ZenBook,Intel,Core i5,11th,8,LPDDR4X,512,0,Windows,64,0,Casual,16,1,No,1377.87
326,MSI,Prestige,Intel,Core i5,11th,8,LPDDR4X,512,0,Windows,64,0,Casual,16,1,No,1039.87
327,DELL,Vostro,Intel,Core i5,11th,8,DDR4,512,0,Windows,64,0,ThinNlight,Missing,1,Yes,721.37
328,Lenovo,IdeaPad,Intel,Core i5,11th,8,DDR4,512,0,Windows,64,0,ThinNlight,16,1,Yes,909.87
329,ASUS,Zenbook,Intel,Core i5,11th,8,DDR4,512,0,Windows,64,0,Casual,Missing,1,Yes,1104.87
330,DELL,Inspiron,Intel,Core i5,11th,8,DDR4,512,0,Windows,64,0,ThinNlight,Missing,0,No,779.87
331,DELL,XPS,Intel,Core i5,10th,8,LPDDR4X,512,0,Windows,64,0,ThinNlight,Missing,1,Yes,1454.57
332,DELL,Inspiron,Intel,Core i5,11th,8,DDR4,512,0,Windows,64,2,Casual,Missing,1,No,857.87
333,ASUS,Zenbook,Intel,Core i5,11th,8,LPDDR4X,512,0,Windows,32,0,Casual,Missing,1,Yes,948.87
334,DELL,Inspiron,Intel,Core i5,11th,8,DDR4,512,0,Windows,64,0,ThinNlight,16,1,Yes,924.17
335,MSI,Katana,Intel,Core i5,11th,8,DDR4,512,0,Windows,64,4,Casual,Missing,2,No,974.87
336,ASUS,ZenBook,Intel,Core i5,10th,8,LPDDR3,512,0,Windows,64,0,Casual,Missing,1,Yes,1039.87
337,MSI,Modern,Intel,Core i5,11th,8,DDR4,512,0,Windows,64,0,Casual,Missing,1,No,721.37
338,DELL,Vostro,Intel,Core i5,11th,8,DDR4,512,0,Windows,64,2,ThinNlight,Missing,1,Yes,864.37
339,ASUS,VivoBook,Intel,Core i5,11th,8,DDR4,512,0,Windows,64,0,Casual,Missing,1,Yes,694.1999999999999
340,DELL,Inspiron,Intel,Core i5,11th,8,DDR4,512,0,Windows,64,0,Casual,Missing,1,Yes,968.5
341,DELL,XPS,Intel,Core i5,11th,8,LPDDR4X,512,0,Windows,64,0,ThinNlight,16,1,Yes,1494.87
342,DELL,Vostro,Intel,Core i5,11th,8,DDR4,512,0,Windows,64,2,ThinNlight,Missing,0,No,805.87
343,APPLE,MacBook,Intel,Core i5,10th,8,LPDDR4X,512,0,Mac,64,0,Casual,16,1,No,2079.87
344,APPLE,MacBook,Intel,Core i5,8th,8,DDR3,512,0,Mac,64,0,Casual,Missing,1,No,2237.17
345,MSI,Sword,Intel,Core i5,11th,8,DDR4,512,0,Windows,64,4,Casual,Missing,0,No,974.87
346,MSI,Modern,Intel,Core i5,10th,8,DDR4,512,0,Windows,64,0,Casual,Missing,1,No,734.37
347,Lenovo,ThinkPad,Intel,Core i5,10th,8,DDR4,512,0,Windows,64,0,ThinNlight,16,3,No,1911.0
348,Lenovo,Ideapad,Intel,Core i5,11th,8,DDR4,512,0,Windows,64,0,ThinNlight,Missing,1,Yes,727.87
349,HP,Pavilion,Intel,Core i5,11th,8,DDR4,512,0,Windows,64,4,Gaming,Missing,1,Yes,1013.87
350,HP,Envy,Intel,Core i5,10th,8,DDR4,512,0,Windows,64,4,Casual,16,1,Yes,1384.37
351,Lenovo,IdeaPad,Intel,Core i5,11th,8,DDR4,512,0,Windows,32,2,Casual,16,1,Yes,922.87
352,Lenovo,ThinkPad,Intel,Core i5,11th,8,DDR4,512,0,Windows,64,0,Casual,Missing,1,Yes,844.87
353,acer,Aspire,Intel,Core i5,11th,8,DDR4,512,0,Windows,64,0,Casual,Missing,1,No,753.87
354,ASUS,TUF,Intel,Core i5,10th,8,DDR4,512,0,Windows,64,4,Gaming,Missing,1,No,844.87
355,MSI,Modern,Intel,Core i5,10th,8,DDR4,512,0,Windows,64,0,Casual,Missing,1,No,714.87
356,Vaio,SE,Intel,Core i5,8th,8,DDR4,512,0,Windows,64,0,ThinNlight,Missing,2,Yes,817.5699999999999
357,HP,Spectre,Intel,Core i5,11th,8,LPDDR4X,512,0,Windows,64,0,Casual,16,0,No,1455.9869999999999
358,Lenovo,Yoga,Intel,Core i5,10th,8,LPDDR4X,512,0,Windows,64,2,Casual,Missing,1,Yes,920.3739999999999
359,Lenovo,Legion,Intel,Core i5,9th,8,DDR4,512,0,Windows,64,4,Casual,Missing,0,No,779.87
360,acer,ConceptD,Intel,Core i5,8th,8,DDR4,512,0,Windows,64,4,Casual,Missing,1,No,1293.5
361,HP,14s,Intel,Core i5,10th,8,DDR4,512,0,Windows,64,0,ThinNlight,Missing,1,Yes,727.87
362,ASUS,ZenBook,Intel,Core i5,8th,8,LPDDR3,512,0,Windows,64,0,ThinNlight,Missing,1,No,948.87
363,acer,Swift,Intel,Core i5,8th,8,DDR3,512,0,Windows,64,0,ThinNlight,Missing,1,No,844.87
364,ASUS,Missing,Intel,Core i5,11th,8,DDR4,512,0,Windows,64,0,ThinNlight,Missing,0,No,753.87
365,HP,HP,Intel,Core i5,11th,8,DDR4,512,0,Windows,64,2,Casual,16,1,Yes,1000.87
366,Lenovo,Ideapad,Intel,Core i5,11th,8,DDR4,512,0,Windows,64,0,Casual,Missing,2,Yes,818.9739999999999
367,DELL,Inspiron,Intel,Core i5,11th,8,DDR4,512,0,Windows,64,0,Casual,16,1,Yes,1013.87
368,HP,Spectre,Intel,Core i5,10th,8,DDR4,512,0,Windows,64,0,Casual,Missing,1,Yes,1494.87
369,DELL,DELL,Intel,Core i5,10th,8,DDR4,512,0,Windows,64,2,Casual,Missing,1,Yes,857.87
370,DELL,Inspiron,Intel,Core i5,11th,8,DDR4,512,0,Windows,64,2,Casual,16,1,Yes,1156.87
371,Lenovo,X390,Intel,Core i5,10th,8,DDR4,512,0,Windows,64,0,Casual,Missing,0,No,1476.6699999999998
372,Mi,Notebook,Intel,Core i5,10th,8,DDR4,512,0,Windows,64,2,Casual,Missing,1,No,714.87
373,ASUS,VivoBook,Intel,Core i5,11th,8,LPDDR4X,512,0,Windows,64,0,Casual,Missing,1,Yes,961.87
374,LG,Gram,Intel,Core i5,11th,8,DDR4,512,0,Windows,64,0,ThinNlight,Missing,0,No,1130.87
375,HP,Missing,Intel,Core i5,11th,8,DDR4,512,0,Windows,64,0,ThinNlight,Missing,1,Yes,793.0
376,ASUS,ZenBook,Intel,Core i5,11th,8,LPDDR4X,512,0,Windows,64,0,Casual,Missing,1,No,1299.87
377,Lenovo,ThinkPad,Intel,Core i5,11th,8,DDR4,512,0,Windows,64,0,ThinNlight,Missing,1,Yes,883.87
378,DELL,Inspiron,Intel,Core i5,11th,8,DDR4,512,0,Windows,64,0,Casual,Missing,1,Yes,920.387
379,Lenovo,ThinkPad,Intel,Core i5,11th,8,DDR4,512,0,Windows,64,0,ThinNlight,Missing,1,Yes,857.87
380,ASUS,VivoBook,Intel,Core i5,8th,8,DDR4,512,0,Windows,64,0,ThinNlight,Missing,1,No,697.9699999999999
381,MSI,Modern,Intel,Core i5,11th,8,DDR4,512,0,Windows,64,0,ThinNlight,Missing,1,No,727.87
382,ASUS,VivoBook,Intel,Core i5,11th,8,DDR4,512,0,Windows,64,0,Casual,Missing,1,Yes,691.4699999999999
383,Lenovo,IdeaPad,Intel,Core i5,10th,8,DDR4,512,0,Windows,32,2,Casual,Missing,2,Yes,766.987
384,DELL,Inspiron,Intel,Core i5,11th,8,DDR4,512,0,Windows,64,2,ThinNlight,Missing,3,No,935.87
385,HP,Missing,Intel,Core i5,11th,8,DDR4,512,0,Windows,32,4,Casual,Missing,0,No,1066.0
386,ASUS,ZenBook,Intel,Core i5,11th,8,LPDDR4X,512,0,Windows,64,0,ThinNlight,16,0,No,1104.87
387,Lenovo,Thinpad,Intel,Core i5,11th,8,DDR4,512,0,Windows,64,2,Casual,Missing,0,No,1169.974
388,ASUS,ZenBook,Intel,Core i5,11th,8,LPDDR4X,512,0,Windows,64,0,Casual,Missing,1,No,1299.87
389,ASUS,Zenbook,Intel,Core i5,11th,8,LPDDR4X,512,0,Windows,64,0,ThinNlight,Missing,0,No,1104.87
390,Lenovo,IdeaPad,Intel,Core i5,10th,8,DDR4,512,0,Windows,64,4,Gaming,Missing,0,No,908.687
391,DELL,Inpiron,Intel,Core i5,10th,8,DDR4,512,0,Windows,64,4,Casual,Missing,1,No,1039.87
392,DELL,GAMING,Intel,Core i5,10th,8,DDR4,512,0,Windows,64,4,Casual,Missing,1,No,991.9
393,Lenovo,Ideapad,Intel,Core i5,10th,8,DDR4,512,0,Windows,64,0,Casual,Missing,1,Yes,727.987
394,DELL,Inspiron,Intel,Core i5,11th,8,DDR4,512,0,Windows,64,0,ThinNlight,Missing,0,No,947.6999999999999
395,DELL,Inspiron,Intel,Core i5,11th,8,DDR4,512,0,Windows,64,0,Casual,Missing,1,Yes,961.87
396,ASUS,ZenBook,Intel,Core i5,11th,8,LPDDR4,512,0,Windows,64,0,ThinNlight,16,0,No,1104.87
397,DELL,Missing,Intel,Core i5,11th,8,DDR4,512,0,Windows,32,2,Casual,16,0,No,955.747
398,HP,Spectre,Intel,Core i5,10th,8,DDR4,512,0,Windows,64,0,Casual,Missing,1,No,1638.0
399,lenovo,Yoga,Intel,Core i5,10th,8,LPDDR4,0,512,DOS,32,0,Casual,Missing,0,No,2235.9739999999997
400,ASUS,ASUS,Intel,Core i5,11th,8,DDR4,512,0,Windows,64,6,Casual,16,1,No,1156.87
401,HP,HP,Intel,Core i5,11th,8,DDR4,512,0,Windows,64,0,ThinNlight,16,1,Yes,1494.9869999999999
402,DELL,Inspiron,Intel,Core i5,11th,8,DDR4,512,0,Windows,64,2,Casual,16,1,Yes,1078.87
403,acer,Intel,Intel,Core i5,11th,8,DDR4,512,0,Windows,64,0,ThinNlight,Missing,0,No,1429.9869999999999
404,Lenovo,Yoga,Intel,Core i5,11th,8,DDR4,512,0,Windows,64,0,ThinNlight,16,1,Yes,1078.87
405,DELL,Inspiron,Intel,Core i5,11th,8,DDR4,512,0,Windows,64,2,Casual,Missing,1,Yes,1039.87
406,ASUS,ZenBook,Intel,Core i5,11th,8,LPDDR4X,512,0,Windows,64,0,Casual,16,1,No,1494.87
407,HP,Spectre,Intel,Core i5,11th,8,LPDDR4X,512,0,Windows,64,0,Casual,16,1,No,1689.9869999999999
408,MSI,GS,Intel,Core i5,8th,8,DDR5,512,0,Windows,32,6,Casual,Missing,0,No,1949.87
409,DELL,Inspiron,Intel,Core i5,11th,8,DDR4,512,0,Windows,64,2,Casual,16,0,No,926.77
410,DELL,Inspiron,Intel,Core i5,10th,8,DDR4,512,0,Windows,64,0,ThinNlight,Missing,1,Yes,1033.5
411,DELL,Inspiron,Intel,Core i5,10th,8,DDR4,512,0,Windows,64,2,Casual,Missing,1,Yes,1078.87
412,DELL,Inspiron,Intel,Core i5,11th,8,DDR4,512,0,Windows,64,2,Casual,Missing,1,Yes,922.74
413,ASUS,ZenBook,Intel,Core i5,11th,8,LPDDR4X,512,0,Windows,64,0,Casual,Missing,1,No,1299.87
414,HP,430,Intel,Core i5,11th,8,DDR4,512,0,Windows,32,0,Casual,Missing,0,No,1222.0
415,DELL,Missing,Intel,Core i5,11th,8,DDR4,512,0,Windows,64,2,Casual,16,0,No,1078.87
416,MSI,Prestige,Intel,Core i5,11th,8,LPDDR4X,512,0,Windows,64,0,Casual,16,1,No,1039.87
417,ASUS,Pro,Intel,Core i5,8th,8,DDR4,512,0,Windows,64,0,ThinNlight,Missing,0,No,1117.87
418,ASUS,ExpertBook,Intel,Core i5,10th,8,DDR4,512,0,Windows,64,2,Casual,Missing,0,No,1130.87
419,ASUS,ZenBook,Intel,Core i5,10th,8,LPDDR3,512,0,Windows,64,2,Casual,Missing,1,Yes,1377.87
420,ASUS,ExpertBook,Intel,Core i5,10th,8,LPDDR3,512,0,Windows,64,0,Casual,Missing,0,No,1104.87
421,Lenovo,Ideapad,Intel,Core i5,8th,8,DDR4,512,0,Windows,64,2,Casual,Missing,1,Yes,779.987
422,Lenovo,Yoga,Intel,Core i5,11th,8,DDR4,512,0,Windows,64,0,Casual,16,1,Yes,1195.9869999999999
423,DELL,Inspiron,Intel,Core i5,11th,8,DDR4,512,0,Windows,64,0,Casual,16,1,Yes,1025.7
424,ASUS,ExpertBook,Intel,Core i5,10th,8,LPDDR3,512,0,Windows,64,0,Casual,Missing,0,No,1726.27
425,Nokia,PureBook,Intel,Core i5,11th,16,DDR4,512,0,Windows,64,0,ThinNlight,14,0,No,727.87
426,Lenovo,IdeaPad,Intel,Core i5,11th,8,DDR4,512,0,Windows,64,4,Gaming,15.6,0,No,792.87
427,Avita,Liber,Intel,Core i5,7th,8,DDR4,512,0,Windows,64,0,ThinNlight,13.3,0,No,852.228
428,DELL,Inspiron,Intel,Core i5,11th,16,DDR4,512,0,Windows,64,0,ThinNlight,15.6,0,No,912.4699999999999
429,DELL,Missing,Intel,Core i5,11th,8,DDR4,512,0,Windows,64,2,Casual,14,1,No,1034.6699999999998
430,Avita,Liber,Intel,Core i5,7th,8,DDR4,512,0,Windows,64,0,ThinNlight,13.3,0,No,852.228
431,ASUS,TUF,Intel,Core i5,11th,8,DDR4,512,0,Windows,64,4,Casual,15.6,1,No,1000.87
432,Nokia,PureBook,Intel,Core i5,11th,8,DDR4,512,0,Windows,64,0,ThinNlight,14,0,No,686.27
433,Avita,Liber,Intel,Core i5,7th,8,DDR4,512,0,Windows,64,0,ThinNlight,13.3,0,No,852.228
434,Avita,Liber,Intel,Core i5,8th,8,DDR4,512,0,Windows,64,0,ThinNlight,14,0,No,584.87
435,ASUS,Intel,Intel,Core i5,11th,8,DDR4,512,0,Windows,64,0,Casual,13.3,1,Yes,1104.87
436,Lenovo,Ideapad,Intel,Core i5,10th,8,DDR4,512,0,Windows,64,2,Casual,14,1,Yes,1130.9869999999999
437,HP,Pavilion,Intel,Core i5,11th,16,DDR4,512,0,Windows,64,2,Casual,15.6,1,No,1014.0
438,Avita,Liber,Intel,Core i5,8th,8,DDR4,512,0,Windows,64,0,ThinNlight,14,0,No,949.819
439,Avita,Liber,Intel,Core i5,8th,8,DDR4,512,0,Windows,64,0,ThinNlight,14,0,No,949.819
440,HP,HP,Intel,Core i5,11th,16,DDR4,512,0,Windows,64,4,Casual,14,1,Yes,1312.87
441,Lenovo,Ideapad,Intel,Core i5,8th,8,DDR4,512,0,Windows,64,0,ThinNlight,13.3,1,Yes,974.87
442,ASUS,ROG,Intel,Core i5,10th,8,DDR4,512,0,Windows,64,4,Casual,15.6,0,No,987.87
443,Lenovo,Missing,Intel,Core i5,11th,8,DDR4,512,0,Windows,32,2,Casual,15.6,1,Yes,1093.118
444,ASUS,ASUS,Intel,Core i5,11th,8,DDR4,1024,0,Windows,64,4,Gaming,15.6,0,No,987.87
445,ASUS,TUF,Intel,Core i5,11th,8,DDR4,1024,0,Windows,64,4,Gaming,17.3,1,Yes,1013.87
446,ASUS,ROG,Intel,Core i5,10th,8,DDR4,1024,0,Windows,64,4,Casual,15.6,1,No,1013.87
447,APPLE,MacBook,Intel,Core i5,10th,16,LPDDR4X,1024,0,Mac,64,0,Casual,13,1,No,2339.87
448,APPLE,MacBook,Intel,Core i5,10th,16,LPDDR4X,1024,0,Mac,64,0,Casual,13,1,No,2339.87
449,ASUS,ROG,Intel,Core i5,10th,8,DDR4,1024,0,Windows,64,4,Casual,Missing,0,No,1078.87
450,ASUS,TUF,Intel,Core i5,11th,8,DDR4,1024,0,Windows,64,4,Casual,16,1,No,1143.87
451,ASUS,F17,Intel,Core i5,11th,8,DDR4,1024,0,Windows,64,4,Casual,Missing,0,No,1098.5
452,DELL,Inspiron,Intel,Core i5,11th,8,LPDDR4X,1024,0,Windows,64,0,ThinNlight,13.3,0,No,964.4699999999999
453,Lenovo,ThinkBook,Intel,Core i5,11th,8,DDR4,1024,0,Windows,64,0,ThinNlight,13.3,1,Yes,844.87
454,Lenovo,ThinkPad,Intel,Core i5,10th,8,DDR4,512,512,Windows,64,0,ThinNlight,16,3,No,2020.3429999999998
455,Lenovo,ThinkPad,Intel,Core i5,10th,8,DDR4,512,512,Windows,64,0,ThinNlight,Missing,3,No,1630.1219999999998
456,acer,Aspire,Intel,Core i5,11th,8,DDR4,0,1024,Windows,64,0,Casual,15.6,0,No,649.87
457,acer,Aspire,Intel,Core i5,11th,8,DDR4,0,1024,Windows,64,0,ThinNlight,14,1,No,610.87
458,DELL,Vostro,Intel,Core i5,11th,8,DDR4,0,1024,Windows,64,0,ThinNlight,14,1,Yes,636.87
459,acer,Aspire,Intel,Core i5,8th,8,DDR4,0,1024,Windows,64,2,Casual,Missing,1,Yes,779.987
460,ASUS,VivoBook,Intel,Core i5,10th,8,DDR4,0,1024,Windows,64,0,ThinNlight,Missing,1,No,610.87
461,MSI,GF63,Intel,Core i5,10th,8,DDR4,0,1024,Windows,64,4,Casual,Missing,2,No,688.87
462,Lenovo,Missing,Intel,Core i5,7th,8,DDR4,0,1024,Windows,32,2,Casual,Missing,0,No,753.987
463,Lenovo,B50-70,Intel,Core i5,4th,8,DDR3,0,1024,Windows,64,0,Casual,Missing,0,No,682.37
464,Lenovo,Ideapad,Intel,Core i5,8th,8,DDR4,0,1024,Windows,64,4,Casual,Missing,1,No,740.87
465,acer,Aspire,Intel,Core i5,8th,8,DDR4,0,1024,Windows,64,2,ThinNlight,Missing,1,No,805.87
466,DELL,Missing,Intel,Core i5,11th,8,DDR4,0,1024,Windows,32,0,Casual,Missing,0,No,755.17
467,ASUS,ExpertBook,Intel,Core i5,10th,8,DDR4,0,1024,Windows,64,0,Casual,Missing,0,No,740.87
468,acer,Aspire,Intel,Core i5,8th,8,DDR4,0,1024,Windows,64,0,ThinNlight,Missing,1,No,800.761
469,ASUS,Pro,Intel,Core i5,8th,8,DDR4,0,1024,Windows,64,0,ThinNlight,Missing,0,No,1065.87
470,ASUS,ExpertBook,Intel,Core i5,10th,8,DDR4,0,1024,Windows,64,0,Casual,Missing,0,No,796.237
471,DELL,Missing,Intel,Core i5,11th,8,DDR4,0,1024,Windows,32,0,Casual,Missing,0,No,766.87
472,ASUS,ExpertBook,Intel,Core i5,10th,8,DDR4,0,1024,Windows,64,2,Casual,Missing,0,No,1091.87
473,MSI,GE76,Intel,Core i5,10th,8,LPDDR4,0,512,DOS,32,6,Casual,Missing,0,No,3785.47
474,MSI,GP65,Intel,Core i5,10th,8,LPDDR4,0,512,DOS,32,6,Casual,Missing,0,No,1897.87
475,MSI,GP76,Intel,Core i5,10th,8,LPDDR4,0,512,DOS,32,8,Casual,Missing,0,No,2339.87
476,HP,Pavilion,Intel,Core i5,8th,8,DDR4,0,1024,Windows,64,2,Casual,15.6,1,Yes,844.87
477,HP,15q,Intel,Core i5,8th,8,DDR4,0,1024,Windows,64,0,Casual,15.6,1,No,608.27
478,HP,Missing,Intel,Core i5,7th,4,DDR4,0,1024,Windows,64,0,Casual,15.6,1,No,579.7869999999999
479,acer,Swift,Intel,Core i5,8th,8,DDR4,0,1024,Windows,64,2,Casual,15.6,1,No,948.5319999999999
480,HP,250,Intel,Core i5,10th,8,DDR4,0,1024,Windows,32,0,Casual,15.6,1,Yes,634.27
481,acer,Aspire,Intel,Core i5,10th,8,DDR4,0,1024,Windows,64,2,Casual,15.6,1,No,734.3829999999999
482,ASUS,VivoBook,Intel,Core i5,11th,8,DDR4,256,1024,Windows,32,0,Casual,15.6,1,Yes,662.87
483,ASUS,VivoBook,Intel,Core i5,10th,8,DDR4,256,1024,Windows,64,4,Gaming,15.6,0,No,727.87
484,acer,Aspire,Intel,Core i5,11th,8,DDR4,256,1024,Windows,64,0,Casual,15.6,1,No,753.87
485,ASUS,VivoBook,Intel,Core i5,11th,8,DDR4,256,1024,Windows,64,0,Casual,15.6,1,No,688.87
486,DELL,Inspiron,Intel,Core i5,11th,8,DDR4,256,1024,Windows,64,0,Casual,15.6,1,No,753.87
487,acer,Aspire,Intel,Core i5,11th,8,DDR4,256,1024,Windows,64,0,ThinNlight,15.6,1,No,740.87
488,acer,Travelmate,Intel,Core i5,11th,8,DDR4,256,1024,Windows,64,0,Casual,14,0,No,721.37
489,DELL,Inspiron,Intel,Core i5,11th,8,DDR4,256,1024,Windows,64,2,Casual,15.6,1,No,812.37
490,ASUS,VivoBook,Intel,Core i5,11th,16,DDR4,256,1024,Windows,64,0,Casual,15.6,1,No,844.87
491,Lenovo,Ideapad,Intel,Core i5,11th,8,DDR4,256,1024,Windows,64,2,Casual,15.6,1,Yes,779.87
492,ASUS,VivoBook,Intel,Core i5,11th,8,DDR4,256,1024,Windows,64,2,Casual,15.6,1,Yes,782.4699999999999
493,ASUS,VivoBook,Intel,Core i5,9th,8,DDR4,256,1024,Windows,64,4,Gaming,15.6,0,No,708.37
494,Lenovo,Legion,Intel,Core i5,9th,8,DDR4,256,1024,Windows,64,4,Casual,15.6,1,Yes,792.87
495,DELL,Inspiron,Intel,Core i5,11th,4,DDR4,256,1024,Windows,64,0,ThinNlight,14.9,1,Yes,725.27
496,ASUS,VivoBook,Intel,Core i5,11th,16,DDR4,256,1024,Windows,64,0,Casual,15.6,1,Yes,844.87
497,ASUS,Missing,Intel,Core i5,11th,16,DDR4,256,1024,Windows,64,0,ThinNlight,17.3,0,No,766.87
498,DELL,Vostro,Intel,Core i5,11th,8,DDR4,256,1024,Windows,64,0,ThinNlight,14,1,Yes,714.87
499,HP,Pavilion,Intel,Core i5,11th,8,DDR4,256,1024,Windows,64,4,Gaming,15.6,1,Yes,935.87
500,DELL,3511,Intel,Core i5,11th,8,DDR4,256,1024,Windows,64,2,Casual,15.6,1,No,908.6999999999999
501,Lenovo,Ideapad,Intel,Core i5,11th,8,DDR4,256,1024,Windows,64,2,Casual,15.6,1,Yes,857.87
502,ASUS,VivoBook,Intel,Core i5,11th,8,DDR4,256,1024,Windows,64,0,Casual,Missing,1,No,649.87
503,DELL,Vostro,Intel,Core i5,11th,8,DDR4,256,1024,Windows,64,0,ThinNlight,Missing,1,Yes,766.87
504,Lenovo,IdeaPad,Intel,Core i5,10th,8,DDR4,256,1024,Windows,64,4,Gaming,Missing,0,No,969.67
505,ASUS,Missing,Intel,Core i5,10th,8,DDR4,256,1024,Windows,32,2,Casual,Missing,0,No,766.87
506,ASUS,VivoBook,Intel,Core i5,11th,8,DDR4,256,1024,Windows,64,0,Casual,Missing,1,No,844.87
507,DELL,Inspiron,Intel,Core i5,11th,8,DDR4,256,1024,Windows,64,2,Casual,Missing,0,No,864.37
508,DELL,G3,Intel,Core i5,10th,8,DDR4,256,1024,Windows,64,4,Casual,Missing,0,No,1012.6999999999999
509,DELL,Inspiron,Intel,Core i5,11th,8,DDR4,256,1024,Windows,64,2,Casual,Missing,0,No,877.37
510,DELL,Vostro,Intel,Core i5,11th,8,DDR4,256,1024,Windows,64,0,ThinNlight,Missing,1,Yes,805.87
511,DELL,Inspiron,Intel,Core i5,11th,8,DDR4,256,1024,Windows,64,0,Casual,Missing,1,Yes,766.87
512,Lenovo,IdeaPad,Intel,Core i5,10th,8,DDR4,256,1024,Windows,64,4,Gaming,Missing,0,No,974.987
513,ASUS,VivoBook,Intel,Core i5,11th,8,DDR4,256,1024,Windows,64,0,Casual,Missing,1,Yes,895.6999999999999
514,DELL,Inspiron,Intel,Core i5,11th,8,DDR4,256,1024,Windows,64,2,Casual,15.6,0,No,932.035
515,acer,Travelmate,Intel,Core i5,11th,16,DDR4,256,1024,Windows,64,0,Casual,14,0,No,812.37
516,DELL,Inspiron,Intel,Core i5,8th,8,DDR4,0,2048,Windows,64,2,Casual,15.6,1,Yes,810.121
517,MSI,GS66,Intel,Core i5,10th,8,LPDDR4,0,512,DOS,32,8,Casual,Missing,0,No,2694.77
518,DELL,Inspiron,Intel,Core i7,8th,16,DDR4,256,0,Windows,64,4,Casual,Missing,1,Yes,1143.87
519,Avita,Liber,Intel,Core i7,8th,8,DDR4,256,0,Windows,64,0,ThinNlight,14,0,No,961.87
520,Avita,Liber,Intel,Core i7,8th,8,DDR4,256,0,Windows,64,0,ThinNlight,14,0,No,961.87
521,Avita,Liber,Intel,Core i7,8th,8,DDR4,256,0,Windows,64,0,ThinNlight,14,0,No,961.87
522,Avita,Liber,Intel,Core i7,8th,8,DDR4,256,0,Windows,64,0,ThinNlight,14,0,No,961.87
523,Avita,Liber,Intel,Core i7,8th,8,DDR4,256,0,Windows,64,0,ThinNlight,14,0,No,961.87
524,Avita,Liber,Intel,Core i7,8th,8,DDR4,256,0,Windows,64,0,ThinNlight,14,0,No,961.87
525,ASUS,VivoBook,Intel,Core i7,10th,16,DDR4,512,0,Windows,64,0,Casual,15.6,1,No,753.87
526,ASUS,VivoBook,Intel,Core i7,10th,8,DDR4,512,0,Windows,64,4,Gaming,15.6,0,No,805.87
527,MSI,GF63,Intel,Core i7,10th,16,DDR4,512,0,Windows,64,4,Casual,15.6,2,No,1039.87
528,Lenovo,IdeaPad,Intel,Core i7,10th,8,DDR4,512,0,Windows,64,4,Gaming,15.6,1,Yes,896.87
529,Mi,Notebook,Intel,Core i7,10th,8,DDR4,512,0,Windows,64,2,Casual,14,1,No,773.37
530,Lenovo,IdeaPad,Intel,Core i7,11th,16,DDR4,512,0,Windows,64,0,Casual,14,1,Yes,1117.87
531,Lenovo,Legion,Intel,Core i7,11th,16,DDR4,512,0,Windows,64,4,Casual,15.6,1,Yes,1299.87
532,Infinix,X1,Intel,Core i7,10th,16,LPDDR4X,512,0,Windows,64,8,Casual,14,0,No,714.87
533,ASUS,VivoBook,Intel,Core i7,11th,8,DDR4,512,0,Windows,64,0,Casual,14,1,Yes,1013.87
534,Lenovo,IdeaPad,Intel,Core i7,11th,8,DDR4,512,0,Windows,64,4,Gaming,15.6,0,No,1039.87
535,HP,Pavilion,Intel,Core i7,11th,16,DDR4,512,0,Windows,64,4,Casual,15.6,1,Yes,1211.47
536,ASUS,ZenBook,Intel,Core i7,11th,16,LPDDR4X,512,0,Windows,64,0,Casual,13.3,1,Yes,1234.87
537,Lenovo,Thinkbook,Intel,Core i7,11th,16,DDR4,512,0,Windows,64,0,Casual,14,3,Yes,1104.87
538,MSI,Missing,Intel,Core i7,10th,8,DDR4,512,0,Windows,64,0,ThinNlight,14,0,No,753.87
539,HP,Envy,Intel,Core i7,11th,16,DDR4,512,0,Windows,64,0,Casual,13.3,1,Yes,1338.87
540,DELL,Missing,Intel,Core i7,11th,16,DDR4,512,0,Windows,64,4,Casual,16,1,No,1299.87
541,ASUS,ASUS,Intel,Core i7,11th,16,DDR4,512,0,Windows,64,4,Gaming,16,0,No,1234.87
542,HP,Envy,Intel,Core i7,11th,16,DDR4,512,0,Windows,64,0,Casual,16,1,Yes,1352.0
543,MSI,Missing,Intel,Core i7,11th,16,DDR4,512,0,Windows,64,2,Casual,Missing,0,No,1000.87
544,HP,Pavilion,Intel,Core i7,11th,16,DDR4,512,0,Windows,64,4,Gaming,16,1,Yes,1172.47
545,Lenovo,Missing,Intel,Core i7,11th,16,DDR4,512,0,Windows,32,0,Casual,16,0,No,1150.344
546,MSI,Prestige,Intel,Core i7,10th,16,DDR4,512,0,Windows,64,4,Casual,16,1,No,1429.87
547,MSI,Sword,Intel,Core i7,11th,16,DDR4,512,0,Windows,64,4,Casual,Missing,0,No,1130.87
548,MSI,Prestige,Intel,Core i7,11th,16,LPDDR4X,512,0,Windows,64,0,Casual,16,1,No,1169.87
549,HP,Spectre,Intel,Core i7,10th,16,LPDDR3,512,0,Windows,64,0,Casual,16,1,Yes,3116.8669999999997
550,ASUS,VivoBook,Intel,Core i7,11th,16,DDR4,512,0,Windows,64,2,Casual,Missing,1,Yes,1026.87
551,DELL,XPS,Intel,Core i7,8th,16,DDR3,512,0,Windows,64,0,ThinNlight,16,1,Yes,1584.57
552,ASUS,ZenBook,Intel,Core i7,8th,16,LPDDR3,512,0,Windows,64,0,ThinNlight,Missing,1,No,1117.87
553,MSI,Katana,Intel,Core i7,11th,16,DDR4,512,0,Windows,64,4,Casual,16,2,No,1234.87
554,HP,Pavilion,Intel,Core i7,11th,16,DDR4,512,0,Windows,64,4,Gaming,16,1,Yes,1196.0
555,HP,Spectre,Intel,Core i7,10th,16,DDR4,512,0,Windows,64,0,Casual,16,1,No,2118.87
556,DELL,XPS,Intel,Core i7,11th,16,LPDDR4X,512,0,Windows,64,0,ThinNlight,16,1,Yes,1758.8999999999999
557,MSI,Modern,Intel,Core i7,11th,16,DDR4,512,0,Windows,64,0,Casual,Missing,0,No,844.87
558,Lenovo,ThinkPad,Intel,Core i7,10th,16,DDR4,512,0,Windows,64,0,ThinNlight,16,3,No,2268.851
559,Lenovo,ThinkPad,Intel,Core i7,10th,16,DDR4,512,0,Windows,64,0,ThinNlight,Missing,0,No,2109.8869999999997
560,DELL,Inspiron,Intel,Core i7,10th,16,DDR4,512,0,Windows,64,0,Casual,Missing,1,Yes,1419.47
561,HP,Pavilion,Intel,Core i7,11th,16,DDR4,512,0,Windows,64,0,Casual,16,1,Yes,1299.9869999999999
562,MSI,Prestige,Intel,Core i7,10th,16,DDR4,512,0,Windows,64,2,Casual,16,1,No,1364.87
563,ASUS,Missing,Intel,Core i7,11th,16,LPDDR4X,512,0,Windows,64,0,ThinNlight,16,0,No,1429.87
564,ASUS,ZenBook,Intel,Core i7,8th,16,DDR3,512,0,Windows,64,0,ThinNlight,16,1,No,1299.87
565,Lenovo,Missing,Intel,Core i7,8th,16,DDR4,512,0,Windows,64,2,ThinNlight,16,0,No,3182.413
566,ASUS,ZenBook,Intel,Core i7,11th,16,LPDDR4X,512,0,Windows,64,0,ThinNlight,16,0,No,1234.87
567,Lenovo,Ideapad,Intel,Core i7,8th,16,DDR4,512,0,Windows,64,0,ThinNlight,Missing,1,Yes,1118.0
568,Lenovo,Missing,Intel,Core i7,10th,16,DDR4,512,0,Windows,32,2,Casual,16,0,No,2111.187
569,HP,Missing,Intel,Core i7,11th,16,DDR4,512,0,Windows,32,0,Casual,Missing,0,No,1554.787
570,Lenovo,Missing,Intel,Core i7,10th,16,LPDDR3,512,0,Windows,64,0,ThinNlight,16,0,No,2752.7889999999998
571,Lenovo,Intel,Intel,Core i7,11th,16,DDR4,512,0,Windows,32,0,Casual,14,0,No,1442.9869999999999
572,DELL,Missing,Intel,Core i7,11th,16,DDR4,512,0,Windows,64,4,Casual,15.6,1,No,1299.87
573,ASUS,ZenBook,Intel,Core i7,8th,8,LPDDR3,512,0,Windows,64,0,ThinNlight,13.3,1,No,1065.87
574,MSI,GF63,Intel,Core i7,9th,8,DDR4,512,0,Windows,64,4,Casual,15.6,2,No,870.87
575,MSI,GF65,Intel,Core i7,10th,16,DDR4,1024,0,Windows,64,6,Casual,15.6,2,No,1104.87
576,ASUS,Zenbook,Intel,Core i7,11th,16,LPDDR4X,1024,0,Windows,64,2,Casual,14,1,Yes,1364.87
577,ASUS,ZenBook,Intel,Core i7,11th,16,LPDDR4X,1024,0,Windows,64,0,Casual,14,1,No,1754.87
578,ASUS,ASUS,Intel,Core i7,11th,16,DDR4,1024,0,Windows,64,4,Gaming,15.6,0,No,1286.87
579,HP,Envy,Intel,Core i7,10th,16,DDR4,1024,0,Windows,64,6,Casual,15.6,1,Yes,1880.97
580,ASUS,ZenBook,Intel,Core i7,11th,16,LPDDR4X,1024,0,Windows,64,0,ThinNlight,13.3,0,No,1299.87
581,MSI,Stealth,Intel,Core i7,11th,16,DDR4,1024,0,Windows,64,6,Casual,16,2,No,1559.87
582,ASUS,Zephyrus,Intel,Core i7,11th,16,DDR4,1024,0,Windows,32,4,Casual,16,1,No,2534.87
583,ASUS,ZenBook,Intel,Core i7,10th,16,LPDDR3,1024,0,Windows,64,2,Casual,16,1,Yes,1624.87
584,DELL,Inspiron,Intel,Core i7,11th,16,DDR4,1024,0,Windows,64,2,Casual,16,0,No,1591.33
585,HP,Spectre,Intel,Core i7,10th,16,DDR4,1024,0,Windows,64,0,Casual,16,1,No,2339.87
586,MSI,Summit,Intel,Core i7,11th,16,DDR4,1024,0,Windows,64,4,Casual,16,2,No,2014.87
587,Lenovo,Yoga,Intel,Core i7,11th,16,LPDDR4X,1024,0,Windows,64,0,Casual,16,1,Yes,1598.87
588,ASUS,Missing,Intel,Core i7,10th,16,DDR4,1024,0,Windows,64,6,Casual,Missing,1,No,2924.87
589,MSI,Stealth,Intel,Core i7,12th,16,DDR5,1024,0,Windows,64,8,Casual,Missing,0,No,3639.87
590,HP,OMEN,Intel,Core i7,11th,16,DDR4,1024,0,Windows,64,4,Casual,16,0,No,1585.87
591,HP,OMEN,Intel,Core i7,11th,16,DDR4,1024,0,Windows,64,4,Casual,16,0,No,1520.87
592,Lenovo,Legion,Intel,Core i7,11th,16,DDR4,1024,0,Windows,64,6,Casual,16,0,No,1964.274
593,MSI,Pulse,Intel,Core i7,11th,16,DDR4,1024,0,Windows,64,8,Casual,16,2,No,1689.87
594,HP,Spectre,Intel,Core i7,11th,16,LPDDR4X,1024,0,Windows,64,0,Casual,16,1,No,1949.9869999999999
595,MSI,Missing,Intel,Core i7,12th,16,DDR4,1024,0,Windows,64,6,Casual,16,0,No,1819.87
596,acer,Predator,Intel,Core i7,11th,16,DDR4,1024,0,Windows,64,6,Casual,16,1,No,1689.87
597,HP,OMEN,Intel,Core i7,11th,16,DDR4,1024,0,Windows,64,8,Casual,16,1,Yes,2235.87
598,DELL,Inspiron,Intel,Core i7,11th,16,DDR4,1024,0,Windows,64,2,Casual,16,1,Yes,1221.415
599,ASUS,ROG,Intel,Core i7,10th,16,DDR4,1024,0,Windows,64,8,Casual,Missing,0,No,3054.87
600,HP,Spectre,Intel,Core i7,11th,16,LPDDR4X,1024,0,Windows,64,0,Casual,16,1,Yes,1670.5
601,Lenovo,Yoga,Intel,Core i7,11th,16,DDR4,1024,0,Windows,64,0,Casual,16,1,Yes,1338.87
602,ASUS,ZenBook,Intel,Core i7,11th,16,LPDDR4X,1024,0,Windows,64,0,Casual,16,1,No,1559.87
603,ASUS,Missing,Intel,Core i7,11th,16,DDR4,1024,0,Windows,32,6,Casual,16,0,No,1572.74
604,ASUS,Zephyrus,Intel,Core i7,11th,16,DDR4,1024,0,Windows,32,6,Casual,16,1,No,2044.2369999999999
605,Lenovo,Missing,Intel,Core i7,9th,16,DDR4,1024,0,Windows,64,4,ThinNlight,16,0,No,2988.7
606,ASUS,ASUS,Intel,Core i7,11th,16,DDR4,1024,0,Windows,64,6,Casual,16,1,No,1709.5
607,ASUS,ExpertBook,Intel,Core i7,10th,16,LPDDR3,1024,0,Windows,64,0,Casual,16,0,No,2014.87
608,ASUS,ExpertBook,Intel,Core i7,10th,16,LPDDR3,1024,0,Windows,64,0,Casual,16,0,No,2157.87
609,Lenovo,Yoga,Intel,Core i7,10th,16,LPDDR4X,1024,0,Windows,64,0,ThinNlight,16,0,No,1559.87
610,ASUS,ExpertBook,Intel,Core i7,10th,16,LPDDR3,1024,0,Windows,64,0,Casual,16,0,No,2183.87
611,HP,Spectre,Intel,Core i7,11th,16,LPDDR4X,1024,0,Windows,64,0,Casual,16,1,No,2145.0
612,Avita,Liber,Intel,Core i7,10th,16,DDR4,1024,0,Windows,64,0,ThinNlight,14,0,No,818.87
613,Lenovo,ThinkBook,Intel,Core i7,11th,16,LPDDR4,1024,0,Windows,64,0,Casual,13,1,Yes,1117.87
614,HP,HP,Intel,Core i7,11th,16,DDR4,1024,0,Windows,64,2,Casual,13.3,1,Yes,1234.87
615,HP,Omen,Intel,Core i7,11th,16,DDR4,1024,0,Windows,64,6,Casual,16.1,1,Yes,1780.87
616,Lenovo,Legion,Intel,Core i7,10th,16,DDR4,1024,0,Windows,64,8,Casual,15.6,1,Yes,3054.87
617,acer,Predator,Intel,Core i7,10th,16,DDR4,2048,0,Windows,64,8,Casual,16,1,No,2079.87
618,ASUS,ExpertBook,Intel,Core i7,10th,16,LPDDR3,2048,0,Windows,64,0,Casual,16,0,No,3041.87
619,ASUS,ExpertBook,Intel,Core i7,10th,16,DDR4,0,1024,Windows,64,2,Casual,Missing,0,No,1221.87
620,HP,15,Intel,Core i7,8th,16,DDR4,128,1024,Windows,64,4,Casual,Missing,1,No,1520.233
621,MSI,GF63,Intel,Core i7,10th,8,DDR4,256,1024,Windows,64,4,Casual,15.6,2,No,831.87
622,ASUS,VivoBook,Intel,Core i7,10th,16,DDR4,256,1024,Windows,64,4,Gaming,15.6,0,No,870.87
623,ASUS,Missing,Intel,Core i7,11th,16,DDR4,256,1024,Windows,32,0,ThinNlight,Missing,0,No,1072.5
624,acer,Predator,Intel,Core i7,10th,16,DDR4,256,1024,Windows,64,6,Casual,16,1,No,1559.87
625,MSI,WF65,Intel,Core i7,10th,16,DDR4,256,1024,Windows,64,4,Casual,16,3,No,2079.87
626,ASUS,Pro,Intel,Core i7,8th,16,DDR4,256,1024,Windows,64,0,ThinNlight,Missing,0,No,1285.856
627,acer,Predator,Intel,Core i7,11th,16,DDR4,512,1024,Windows,64,4,Casual,15.6,1,No,1208.87
628,acer,Predator,Intel,Core i7,11th,16,DDR4,512,1024,Windows,32,6,Casual,15.6,1,No,1559.87
629,acer,Predator,Intel,Core i9,11th,32,DDR4,1024,0,Windows,64,8,Casual,15.6,1,No,2209.87
630,acer,Predator,Intel,Core i9,11th,16,DDR4,1024,0,Windows,64,6,Casual,15.6,1,No,1819.87
631,MSI,Creator,Intel,Core i9,11th,16,DDR4,1024,0,Windows,64,6,Casual,16,0,No,2508.87
632,ASUS,ROG,Intel,Core i9,12th,16,DDR5,1024,0,Windows,64,6,Casual,Missing,0,No,3899.87
633,ASUS,Missing,Intel,Core i9,10th,16,DDR4,1024,0,Windows,64,6,Casual,Missing,1,No,3509.87
634,ASUS,ASUS,Intel,Core i9,11th,16,DDR4,1024,0,Windows,64,6,Gaming,15.6,1,No,1819.87
635,Lenovo,Missing,Intel,Core i9,10th,16,DDR4,1024,0,Windows,32,8,Casual,15.6,0,No,3457.9739999999997
636,ASUS,Zephyrus,Intel,Core i9,11th,16,DDR4,3072,0,Windows,32,6,Casual,Missing,1,No,5745.87
637,Smartron,t.book,Intel,Core m3,7th,4,DDR3,128,0,Windows,64,0,Casual,12.2,0,No,558.87
638,MSI,Katana,Intel,Core i5,10th,8,LPDDR4,0,512,DOS,32,4,Casual,Missing,0,No,1130.87
639,acer,Aspire,AMD,Dual Core,Missing,4,DDR4,256,0,Windows,64,0,Casual,Missing,1,No,389.87
640,acer,Dual,AMD,Dual Core,Missing,4,DDR4,256,0,Windows,64,0,Casual,Missing,1,No,415.87
641,MSI,Pulse,Intel,Core i5,10th,8,LPDDR4,0,512,DOS,32,6,Casual,Missing,0,No,1429.87
642,MSI,Pulse,Intel,Core i5,10th,8,LPDDR4,0,512,DOS,32,4,Casual,Missing,0,No,1424.6699999999998
643,ASUS,ROG,Intel,Core i7,10th,16,LPDDR4X,0,512,DOS,32,6,Casual,Missing,0,No,1904.37
644,HP,Chromebook,Intel,Dual Core,10th,4,DDR4,0,512,DOS,32,0,Casual,Missing,0,No,802.685
645,ASUS,ZenBook,Intel,Ever Screenpad,10th,4,DDR4,0,512,DOS,64,4,Casual,Missing,0,No,2725.97
646,ASUS,ZenBook,Intel,Ever Screenpad,10th,4,DDR4,0,512,DOS,64,4,Casual,Missing,0,No,2277.47
647,ALIENWARE,Missing,Intel,GeForce GTX,10th,8,LPDDR4,0,512,DOS,32,6,Casual,15.6,0,No,2599.87
648,DELL,G15,Intel,GeForce GTX,10th,8,LPDDR4,0,512,DOS,32,4,Casual,15.6,0,No,981.5
649,ALIENWARE,Missing,Intel,GeForce RTX,10th,8,LPDDR4,0,512,DOS,32,8,Casual,15.6,0,No,4490.07
650,ALIENWARE,Missing,Intel,GeForce RTX,10th,8,LPDDR4,0,512,DOS,32,6,Casual,15.6,0,No,2792.27
651,ALIENWARE,Missing,Intel,GeForce RTX,10th,8,LPDDR4,0,512,DOS,32,8,Casual,15.6,0,No,3500.77
652,DELL,G15,Intel,GEFORCE RTX,10th,4,DDR4,0,512,DOS,32,4,Casual,Missing,0,No,1247.87
653,MSI,GF65,Intel,Hexa Core,Missing,16,DDR4,512,0,Windows,64,6,Casual,15.6,2,No,1000.87
654,MSI,GF63,Intel,Hexa Core,Missing,8,DDR4,256,1024,Windows,64,4,Casual,15.6,2,No,727.87
655,APPLE,MacBook,M1,M1,10th,8,DDR4,256,0,Mac,64,0,Casual,13.3,1,No,1117.87
656,APPLE,MacBook,M1,M1,10th,8,DDR4,256,0,Mac,64,0,Casual,13.3,1,No,1468.87
657,APPLE,MacBook,M1,M1,10th,16,DDR4,256,0,Mac,64,0,Casual,13.3,1,No,1364.87
658,APPLE,MacBook,M1,M1,10th,8,DDR4,256,0,Mac,64,0,Casual,13.3,1,No,1468.87
659,APPLE,MacBook,M1,M1,10th,16,DDR4,256,0,Mac,64,0,Casual,13.3,1,No,1728.87
660,APPLE,MacBook,M1,M1,10th,16,DDR4,256,0,Mac,64,0,Casual,13.3,1,No,1364.87
661,APPLE,MacBook,M1,M1,10th,8,DDR4,256,0,Mac,64,0,Casual,13.3,1,No,1117.87
662,APPLE,MacBook,M1,M1,10th,16,DDR4,512,0,Mac,64,0,Casual,13.3,1,No,1949.87
663,APPLE,MacBook,M1,M1,10th,8,DDR4,512,0,Mac,64,0,Casual,13.3,1,No,1637.87
664,APPLE,MacBook,M1,M1,10th,8,DDR4,512,0,Mac,64,0,Casual,13.3,1,No,1351.87
665,APPLE,MacBook,M1,M1,10th,8,DDR4,512,0,Mac,64,0,Casual,13.3,1,No,1325.87
666,APPLE,MacBook,M1,M1,10th,8,DDR4,512,0,Mac,64,0,Casual,13.3,1,No,1364.87
667,APPLE,MacBook,M1,M1,10th,8,DDR4,512,0,Mac,64,0,Casual,13.3,1,No,1715.87
668,APPLE,MacBook,M1,M1,10th,16,DDR4,512,0,Mac,64,0,Casual,13.3,1,No,1676.87
669,APPLE,MacBook,M1,M1,10th,16,DDR4,512,0,Mac,64,0,Casual,14.2,1,No,2404.87
670,APPLE,MacBook,M1,M1,10th,16,DDR4,512,0,Mac,64,0,Casual,16.2,1,No,2937.87
671,APPLE,MacBook,M1,M1,10th,4,DDR4,512,0,Mac,64,0,Casual,16,1,No,1624.87
672,APPLE,MacBook,M1,M1,10th,8,DDR4,512,0,Mac,64,0,Casual,13.3,1,No,1364.87
673,APPLE,MacBook,M1,M1,10th,8,DDR4,1024,0,Mac,64,0,Casual,13.3,1,No,1949.87
674,APPLE,MacBook,M1,M1,10th,16,DDR4,1024,0,Mac,64,0,Casual,13.3,1,No,2209.87
675,APPLE,MacBook,M1,M1,10th,16,DDR4,1024,0,Mac,64,0,Casual,14.2,1,No,2937.87
676,APPLE,MacBook,M1,M1,10th,16,DDR4,1024,0,Mac,64,0,Casual,16.2,1,No,3171.87
677,APPLE,MacBook,M1,M1,10th,32,DDR4,1024,0,Mac,64,0,Casual,16.2,1,No,4029.87
678,APPLE,MacBook,M1,M1,10th,16,DDR4,1024,0,Mac,64,0,Casual,14.2,1,No,2937.87
679,DELL,G7,Intel,GeForce RTX,10th,8,LPDDR4,0,512,DOS,32,8,Casual,15.6,0,No,2339.87
680,acer,Missing,Intel,Genuine Windows,10th,4,DDR4,128,0,DOS,32,4,Casual,Missing,0,No,1516.32
681,acer,Predator,Intel,Genuine Windows,10th,4,DDR4,0,512,DOS,32,4,Casual,Missing,0,No,1689.9869999999999
682,ASUS,ASUS,Intel,Pentium Quad,Missing,4,LPDDR4X,0,512,Windows,64,0,Casual,Missing,0,No,597.87
683,iball,CompBook,Intel,Pentium Quad,Missing,4,DDR3,0,512,Windows,64,0,Casual,Missing,0,No,181.87
684,ASUS,Pentium,Intel,Pentium Quad,Missing,4,DDR4,128,0,Windows,32,0,Casual,Missing,0,No,755.3
685,ASUS,ASUS,Intel,Pentium Quad,Missing,8,LPDDR4X,256,0,Windows,64,0,Casual,13.3,1,No,818.87
686,HP,Pentium,Intel,Pentium Quad,Missing,8,DDR4,256,0,Windows,64,0,ThinNlight,14,1,Yes,428.87
687,ASUS,VivoBook,Intel,Pentium Quad,Missing,4,DDR4,256,0,Windows,64,0,ThinNlight,Missing,1,Yes,441.87
688,acer,Extensa,Intel,Pentium Quad,Missing,4,DDR4,256,0,Windows,64,0,Casual,Missing,1,No,402.87
689,DELL,Inspiron,Intel,Pentium Quad,Missing,4,DDR4,256,0,Windows,64,0,ThinNlight,Missing,1,No,468.0
690,ASUS,VivoBook,Intel,Pentium Quad,Missing,4,DDR4,256,0,Windows,64,0,ThinNlight,Missing,1,Yes,428.87
691,DELL,Inspiron,Intel,Pentium Quad,Missing,4,DDR4,256,0,Windows,64,0,Casual,15.6,1,No,467.87
692,ASUS,Pentium,Intel,Pentium Quad,Missing,4,LPDDR4,0,1024,Windows,64,0,Casual,15.6,0,No,363.87
693,ASUS,Pentium,Intel,Pentium Quad,Missing,4,DDR4,0,1024,Windows,64,0,Casual,15.6,1,No,337.87
694,ASUS,Pentium,Intel,Pentium Quad,Missing,4,DDR4,0,1024,Windows,64,0,Casual,15.6,1,No,337.87
695,ASUS,Asus,Intel,Pentium Quad,Missing,4,DDR4,0,1024,Windows,64,0,Casual,15.6,0,No,400.14
696,ASUS,VivoBook,Intel,Pentium Silver,Missing,4,DDR4,256,0,Windows,64,0,ThinNlight,14,0,No,389.87
697,ASUS,EeeBook,Intel,Pentium Silver,Missing,4,DDR4,256,0,Windows,64,0,ThinNlight,Missing,0,No,415.87
698,Lenovo,Legion,Intel,Genuine Windows,10th,4,DDR4,0,512,DOS,32,4,Casual,Missing,0,No,1012.5699999999999
699,HP,Ryzen,AMD,Ryzen 3,Missing,8,DDR4,256,0,Windows,64,0,ThinNlight,15.6,1,No,493.87
700,ASUS,Ryzen,AMD,Ryzen 3,Missing,8,DDR4,256,0,Windows,64,0,ThinNlight,15.6,1,No,467.87
701,DELL,Inspiron,AMD,Ryzen 3,Missing,8,DDR4,256,0,Windows,64,0,ThinNlight,15.6,0,No,513.37
702,DELL,Inspiron,AMD,Ryzen 3,Missing,8,DDR4,256,0,Windows,64,0,ThinNlight,14.96,0,No,480.87
703,DELL,Ryzen,AMD,Ryzen 3,Missing,8,DDR4,256,0,Windows,64,0,ThinNlight,15.6,1,No,519.87
704,ASUS,Ryzen,AMD,Ryzen 3,Missing,4,DDR4,256,0,Windows,64,0,ThinNlight,15.6,1,No,437.96999999999997
705,DELL,Inspiron,AMD,Ryzen 3,Missing,8,DDR4,256,0,Windows,64,0,ThinNlight,15.6,0,No,527.67
706,ASUS,VivoBook,AMD,Ryzen 3,Missing,4,DDR4,256,0,Windows,64,0,Casual,Missing,1,No,493.87
707,ASUS,VivoBook,AMD,Ryzen 3,Missing,4,DDR4,256,0,Windows,64,0,ThinNlight,Missing,1,Yes,448.5
708,acer,Aspire,AMD,Ryzen 3,Missing,8,DDR4,512,0,Windows,64,0,Casual,15.6,1,No,480.87
709,HP,Ryzen,AMD,Ryzen 3,Missing,8,DDR4,512,0,Windows,64,0,ThinNlight,14,0,No,565.37
710,HP,Ryzen,AMD,Ryzen 3,Missing,8,DDR4,512,0,Windows,64,0,ThinNlight,15.6,1,Yes,539.37
711,acer,Aspire,AMD,Ryzen 3,Missing,4,DDR4,512,0,Windows,64,0,Casual,15.6,0,No,454.87
712,HP,15s,AMD,Ryzen 3,Missing,4,DDR4,512,0,Windows,64,0,ThinNlight,Missing,1,Yes,578.37
713,DELL,Vostro,AMD,Ryzen 3,Missing,4,DDR4,512,0,Windows,64,0,ThinNlight,Missing,0,No,527.67
714,DELL,Inspiron,AMD,Ryzen 3,Missing,8,DDR4,512,0,Windows,64,0,ThinNlight,15.6,0,No,547.17
715,DELL,Vostro,AMD,Ryzen 3,Missing,8,DDR4,0,1024,Windows,64,0,ThinNlight,14,1,Yes,467.87
716,HP,15s,AMD,Ryzen 3,Missing,8,DDR4,0,1024,Windows,64,0,ThinNlight,15.6,1,Yes,513.37
717,DELL,Inspiron,AMD,Ryzen 3,Missing,8,DDR4,0,1024,Windows,64,0,ThinNlight,15.6,0,No,486.07
718,DELL,Inspiron,AMD,Ryzen 3,Missing,4,DDR4,0,1024,Windows,64,0,ThinNlight,Missing,1,Yes,684.216
719,DELL,Inspiron,AMD,Ryzen 3,Missing,4,DDR4,0,1024,Windows,64,0,Casual,Missing,1,Yes,519.87
720,DELL,DELL,AMD,Ryzen 3,Missing,4,DDR4,0,1024,Windows,64,0,Casual,Missing,1,No,571.87
721,HP,15q,AMD,Ryzen 3,Missing,4,DDR4,0,1024,Windows,64,0,Casual,15.6,1,No,427.921
722,Lenovo,Ryzen,AMD,Ryzen 3,Missing,4,DDR4,0,1024,Windows,64,0,Casual,15.6,0,No,454.87
723,DELL,Inspiron,AMD,Ryzen 3,Missing,8,DDR4,0,1024,Windows,64,0,ThinNlight,14.96,0,No,519.87
724,HP,15s,AMD,Ryzen 3,Missing,8,DDR4,256,1024,Windows,64,0,Casual,15.6,1,Yes,545.987
725,HP,Chromebook,MediaTek,MediaTek Kompanio,10th,4,DDR4,0,512,DOS,32,0,Casual,Missing,0,No,298.87
726,HP,Chromebook,MediaTek,MediaTek Kompanio,10th,4,LPDDR4X,0,512,DOS,32,0,Casual,Missing,0,No,292.37
727,HP,Chromebook,MediaTek,MediaTek Kompanio,10th,4,LPDDR4X,0,512,DOS,32,0,Casual,Missing,0,No,298.87
728,MICROSOFT,Surface,AMD,Ryzen 5,Missing,4,DDR4,128,0,Windows,64,0,Casual,Missing,0,No,1299.87
729,DELL,Vostro,AMD,Ryzen 5,Missing,8,DDR4,256,0,Windows,64,0,Casual,14,1,Yes,545.87
730,DELL,Inspiron,AMD,Ryzen 5,Missing,8,DDR4,256,0,Windows,64,0,ThinNlight,15.6,1,No,578.37
731,DELL,Inspiron,AMD,Ryzen 5,Missing,8,DDR4,256,0,Windows,64,0,Casual,15.6,1,Yes,545.87
732,DELL,Vostro,AMD,Ryzen 5,Missing,8,DDR4,256,0,Windows,64,0,ThinNlight,14,1,Yes,578.37
733,MSI,Modern,AMD,Ryzen 5,Missing,4,DDR4,256,0,Windows,64,0,Casual,Missing,1,No,649.87
734,DELL,Inspiron,AMD,Ryzen 5,Missing,4,DDR4,256,0,Windows,64,0,ThinNlight,Missing,1,No,577.0699999999999
735,HP,Pavilion,AMD,Ryzen 5,Missing,8,DDR4,512,0,Windows,64,4,Casual,15.6,1,No,753.87
736,Lenovo,IdeaPad,AMD,Ryzen 5,Missing,8,DDR4,512,0,Windows,64,4,Gaming,15.6,1,Yes,740.87
737,Lenovo,IdeaPad,AMD,Ryzen 5,Missing,8,DDR4,512,0,Windows,64,0,ThinNlight,15.6,1,No,636.87
738,HP,Ryzen,AMD,Ryzen 5,Missing,8,DDR4,512,0,Windows,64,0,ThinNlight,14,1,Yes,649.61
739,MSI,Modern,AMD,Ryzen 5,Missing,8,DDR4,512,0,Windows,64,0,Casual,14,0,No,623.87
740,HP,Ryzen,AMD,Ryzen 5,Missing,8,DDR4,512,0,Windows,64,0,ThinNlight,15.6,1,Yes,636.87
741,acer,Swift,AMD,Ryzen 5,Missing,8,LPDDR4X,512,0,Windows,64,0,ThinNlight,14,1,No,701.87
742,Lenovo,IdeaPad,AMD,Ryzen 5,Missing,8,DDR4,512,0,Windows,64,0,Casual,15.6,1,Yes,688.87
743,acer,Aspire,AMD,Ryzen 5,Missing,8,DDR4,512,0,Windows,64,0,Casual,15.6,1,No,571.87
744,Lenovo,Ideapad,AMD,Ryzen 5,Missing,8,DDR4,512,0,Windows,64,4,Gaming,15.6,0,No,773.37
745,MSI,Bravo,AMD,Ryzen 5,Missing,8,DDR4,512,0,Windows,64,4,Casual,15.6,0,No,844.87
746,DELL,Vostro,AMD,Ryzen 5,Missing,8,DDR4,512,0,Windows,64,0,ThinNlight,14,0,No,617.37
747,HP,HP,AMD,Ryzen 5,Missing,8,DDR4,512,0,Windows,64,4,Casual,15.6,1,No,779.87
748,Lenovo,Legion,AMD,Ryzen 5,Missing,8,DDR4,512,0,Windows,64,4,Casual,15.6,0,No,909.87
749,HP,15-ec1105AX,AMD,Ryzen 5,Missing,8,DDR4,512,0,Windows,64,4,Casual,15.6,1,No,766.87
750,DELL,Vostro,AMD,Ryzen 5,Missing,8,DDR4,512,0,Windows,64,0,ThinNlight,14,1,No,773.37
751,HP,Pavilion,AMD,Ryzen 5,Missing,16,DDR4,512,0,Windows,64,0,ThinNlight,15.6,1,Yes,877.5
752,HP,Ryzen,AMD,Ryzen 5,Missing,8,DDR4,512,0,Windows,32,0,Casual,15.6,0,No,636.87
753,ASUS,VivoBook,AMD,Ryzen 5,Missing,8,DDR4,512,0,Windows,64,0,Casual,14,1,Yes,811.8499999999999
754,ASUS,VivoBook,AMD,Ryzen 5,Missing,8,DDR4,512,0,Windows,64,0,Casual,14,1,No,766.87
755,ASUS,APU,AMD,Quad,10th,4,DDR4,0,512,DOS,32,0,Casual,Missing,0,No,259.87
756,HP,Pavilion,AMD,Ryzen 5,Missing,8,DDR4,512,0,Windows,64,0,ThinNlight,15.6,1,Yes,753.987
757,ASUS,VivoBook,AMD,Ryzen 5,Missing,16,DDR4,512,0,Windows,64,0,Casual,15.6,0,No,740.87
758,HP,Pavilion,AMD,Ryzen 5,Missing,8,DDR4,512,0,Windows,64,4,Casual,15.6,1,Yes,948.87
759,HP,Pavilion,AMD,Ryzen 5,Missing,16,DDR4,512,0,Windows,64,0,Casual,13.3,1,Yes,857.87
760,HP,Envy,AMD,Ryzen 5,Missing,16,DDR4,512,0,Windows,64,0,Casual,13.3,1,Yes,1274.26
761,HP,Pavilion,AMD,Ryzen 5,Missing,16,DDR4,512,0,Windows,64,2,Casual,14,1,Yes,831.87
762,ASUS,Ryzen,AMD,Ryzen 5,Missing,8,DDR4,512,0,Windows,32,0,ThinNlight,15.6,1,Yes,648.5699999999999
763,DELL,Inspiron,AMD,Ryzen 5,Missing,8,DDR4,512,0,Windows,64,0,ThinNlight,15.6,1,Yes,649.87
764,DELL,Vostro,AMD,Ryzen 5,Missing,8,DDR4,512,0,Windows,64,0,ThinNlight,14,1,Yes,773.37
765,HP,Envy,AMD,Ryzen 5,Missing,8,DDR4,512,0,Windows,64,0,Casual,13.3,1,Yes,961.987
766,DELL,Inspiron,AMD,Ryzen 5,Missing,4,DDR4,512,0,Windows,64,0,ThinNlight,Missing,1,Yes,792.87
767,DELL,G5,AMD,Ryzen 5,Missing,4,DDR4,512,0,Windows,64,6,Casual,Missing,0,No,990.4699999999999
768,Lenovo,Yoga,AMD,Ryzen 5,Missing,4,LPDDR4X,512,0,Windows,64,0,ThinNlight,16,3,Yes,972.3739999999999
769,ASUS,VivoBook,AMD,Ryzen 5,Missing,4,DDR4,512,0,Windows,64,0,Casual,Missing,1,No,766.87
770,HP,Ryzen,AMD,Ryzen 5,Missing,4,DDR4,512,0,Windows,32,4,Casual,Missing,0,No,885.3
771,Lenovo,Yoga,AMD,Ryzen 5,Missing,4,DDR4,512,0,Windows,64,0,ThinNlight,16,1,Yes,1013.87
772,HP,Pavilion,AMD,Ryzen 5,Missing,4,DDR4,512,0,Windows,64,0,ThinNlight,Missing,1,Yes,716.17
773,ASUS,Zenbook,AMD,Ryzen 5,Missing,4,LPDDR4X,512,0,Windows,64,0,Casual,16,0,No,1195.87
774,HP,Pavilion,AMD,Ryzen 5,Missing,4,DDR4,512,0,Windows,64,0,Casual,16,1,Yes,1094.704
775,acer,Aspire,AMD,Ryzen 5,Missing,4,DDR4,512,0,Windows,64,0,Casual,Missing,1,No,584.87
776,HP,15s,AMD,Ryzen 5,Missing,4,DDR4,512,0,Windows,64,0,ThinNlight,Missing,1,Yes,695.37
777,Lenovo,Legion,AMD,Ryzen 5,Missing,4,DDR4,512,0,Windows,64,4,Casual,Missing,0,No,994.4739999999999
778,DELL,Ryzen,AMD,Ryzen 5,Missing,4,DDR4,512,0,Windows,64,4,Casual,Missing,1,No,1285.96
779,MSI,Modern,AMD,Ryzen 5,Missing,4,DDR4,512,0,Windows,64,0,Casual,Missing,0,No,714.87
780,acer,Aspire,AMD,Ryzen 5,Missing,4,DDR4,512,0,Windows,64,0,Casual,Missing,1,No,649.87
781,HP,Ryzen,AMD,Ryzen 5,Missing,4,DDR4,512,0,Windows,32,0,Casual,Missing,0,No,680.9399999999999
782,acer,Aspire,AMD,Ryzen 5,Missing,4,DDR4,512,0,Windows,64,0,ThinNlight,Missing,1,No,649.87
783,HP,14s,AMD,Ryzen 5,Missing,4,DDR4,512,0,Windows,64,0,ThinNlight,Missing,1,Yes,682.5
784,Vaio,E,AMD,Ryzen 5,Missing,4,DDR4,512,0,Windows,64,0,ThinNlight,Missing,2,Yes,644.67
785,ASUS,Ryzen,AMD,Ryzen 5,Missing,4,DDR4,512,0,Windows,64,0,ThinNlight,Missing,1,Yes,649.87
786,acer,Aspire,AMD,Ryzen 5,Missing,4,DDR4,512,0,Windows,64,0,ThinNlight,Missing,1,No,987.987
787,ASUS,AMD,AMD,Ryzen 5,Missing,4,DDR4,512,0,Windows,64,0,Casual,16,1,No,1052.87
788,Lenovo,IDEAPAD,AMD,Ryzen 5,Missing,4,DDR4,512,0,Windows,32,0,Casual,Missing,1,No,778.6999999999999
789,HP,15s,AMD,Ryzen 5,Missing,4,DDR4,512,0,Windows,64,0,ThinNlight,Missing,1,Yes,709.67
790,DELL,Inspiron,AMD,Ryzen 5,Missing,4,DDR4,512,0,Windows,64,0,Casual,Missing,1,Yes,981.5
791,HP,Ryzen,AMD,Ryzen 5,Missing,8,DDR4,512,0,Windows,64,0,ThinNlight,15.6,1,Yes,674.5699999999999
792,ASUS,VivoBook,AMD,Ryzen 5,Missing,16,DDR4,512,0,Windows,64,0,Casual,17.3,1,No,1014.0
793,Vaio,E,AMD,Ryzen 5,Missing,8,DDR4,512,0,Windows,64,0,ThinNlight,15.6,2,Yes,662.87
794,HP,Pavilion,AMD,Ryzen 5,Missing,16,DDR4,512,0,Windows,64,0,ThinNlight,14,1,Yes,779.987
795,HP,Pavilion,AMD,Ryzen 5,Missing,8,DDR4,512,0,Windows,64,4,Gaming,15.6,1,Yes,844.87
796,DELL,Ryzen,AMD,Ryzen 5,Missing,4,DDR4,1024,0,Windows,32,0,Casual,Missing,0,No,752.6999999999999
797,Lenovo,Yoga,AMD,Ryzen 5,Missing,4,LPDDR4X,1024,0,Windows,64,0,ThinNlight,16,3,Yes,1065.714
798,HP,Pavilion,AMD,Ryzen 5,Missing,4,DDR4,0,1024,Windows,64,4,Gaming,Missing,1,No,779.87
799,DELL,Inspiron,AMD,Ryzen 5,Missing,8,DDR4,256,1024,Windows,64,0,Casual,15.6,0,No,643.37
800,ASUS,VivoBook,AMD,Ryzen 5,Missing,8,DDR4,256,1024,Windows,64,0,Casual,15.6,1,No,714.87
801,Lenovo,Legion,AMD,Ryzen 5,Missing,8,DDR4,256,1024,Windows,64,4,Casual,15.6,0,No,890.5
802,ASUS,VivoBook,AMD,Ryzen 5,Missing,8,DDR4,256,1024,Windows,64,0,Casual,15.6,1,No,714.87
803,ASUS,VivoBook,AMD,Ryzen 5,Missing,8,DDR4,256,1024,Windows,32,0,Casual,15.6,1,Yes,714.87
804,Lenovo,Ideapad,AMD,Ryzen 5,Missing,8,DDR4,256,1024,Windows,64,0,Gaming,15.6,1,Yes,831.87
805,HP,Pavilion,AMD,Ryzen 5,Missing,4,DDR4,256,1024,Windows,64,4,Gaming,Missing,1,No,1040.0
806,DELL,Ryzen,AMD,Ryzen 5,Missing,4,DDR4,256,1024,Windows,32,0,Casual,Missing,0,No,675.87
807,ASUS,VivoBook,AMD,Ryzen 5,Missing,4,DDR4,256,1024,Windows,64,0,Casual,Missing,1,Yes,818.87
808,HP,Ryzen,AMD,Ryzen 5,Missing,4,DDR4,256,1024,Windows,64,0,ThinNlight,Missing,1,No,688.87
809,ASUS,Ryzen,AMD,Ryzen 5,Missing,4,DDR4,256,1024,Windows,64,0,ThinNlight,Missing,1,Yes,976.3
810,ASUS,ASUS,AMD,Ryzen 7,Missing,16,DDR4,512,0,Windows,32,4,Gaming,17.3,0,No,1000.87
811,ASUS,Ryzen,AMD,Ryzen 7,Missing,16,DDR4,512,0,Windows,64,4,Casual,14,1,No,1039.87
812,ASUS,ROG,AMD,Ryzen 7,Missing,8,DDR4,512,0,Windows,64,4,Casual,15.6,0,No,935.87
813,ASUS,ROG,AMD,Ryzen 7,Missing,8,DDR4,512,0,Windows,64,4,Casual,15.6,0,No,935.87
814,Lenovo,Lenovo,AMD,Ryzen 7,Missing,16,DDR4,512,0,Windows,64,4,Casual,15.6,1,Yes,1299.87
815,ASUS,Ryzen,AMD,Ryzen 7,Missing,16,DDR4,512,0,Windows,64,0,Casual,14,1,No,1039.87
816,DELL,Ryzen,AMD,Ryzen 7,Missing,16,DDR4,512,0,Windows,64,4,Casual,15.6,1,No,1221.87
817,ASUS,ASUS,AMD,Ryzen 7,Missing,16,DDR4,512,0,Windows,64,4,Gaming,17.3,0,No,1078.87
818,ASUS,ROG,AMD,Ryzen 7,Missing,4,DDR5,512,0,Windows,64,4,Casual,16,0,No,1390.87
819,ASUS,VivoBook,AMD,Ryzen 7,Missing,4,DDR4,512,0,Windows,64,0,Casual,16,1,No,1208.87
820,Lenovo,IdeaPad,Intel,Ryzen 7,Missing,4,DDR4,512,0,Windows,32,4,Casual,16,3,Yes,1059.37
821,ASUS,VivoBook,AMD,Ryzen 7,Missing,4,DDR4,512,0,Windows,64,0,Casual,16,1,Yes,740.87
822,MSI,Modern,AMD,Ryzen 7,Missing,4,DDR4,512,0,Windows,64,0,Casual,Missing,0,No,844.87
823,Lenovo,Ideapad,AMD,Ryzen 7,Missing,4,DDR4,512,0,Windows,64,0,Casual,Missing,1,Yes,792.87
824,Lenovo,Ryzen,AMD,Ryzen 7,Missing,4,DDR4,512,0,Windows,64,4,Casual,16,1,Yes,1104.844
825,HP,Pavilion,AMD,Ryzen 7,Missing,4,DDR4,512,0,Windows,64,4,Casual,16,1,No,1182.87
826,Vaio,E,AMD,Ryzen 7,Missing,4,DDR4,512,0,Windows,64,0,ThinNlight,Missing,2,Yes,740.87
827,ASUS,VivoBook,AMD,Ryzen 7,Missing,4,DDR4,512,0,Windows,64,0,Casual,Missing,1,No,831.87
828,Lenovo,Ideapad,AMD,Ryzen 7,Missing,4,DDR4,512,0,Windows,64,0,Casual,Missing,1,Yes,831.87
829,HP,Ryzen,AMD,Ryzen 7,Missing,4,DDR4,512,0,Windows,64,0,ThinNlight,Missing,1,Yes,753.987
830,ASUS,Ryzen,AMD,Ryzen 7,Missing,4,DDR4,512,0,Windows,32,4,Casual,Missing,0,No,941.1999999999999
831,Lenovo,Yoga,AMD,Ryzen 7,Missing,4,DDR4,512,0,Windows,64,0,Casual,16,1,No,1026.87
832,acer,Aspire,AMD,Ryzen 7,Missing,4,DDR4,512,0,Windows,64,0,ThinNlight,Missing,1,No,779.87
833,ASUS,ROG,AMD,Ryzen 7,Missing,4,DDR5,512,0,Windows,32,4,Casual,16,1,No,1455.87
834,HP,Ryzen,AMD,Ryzen 7,Missing,4,DDR4,512,0,Windows,32,0,Casual,16,0,No,1417.0
835,DELL,G5,AMD,Ryzen 7,Missing,4,DDR4,512,0,Windows,64,6,Casual,16,0,No,1169.87
836,Lenovo,Yoga,AMD,Ryzen 7,Missing,4,DDR4,512,0,Windows,64,0,Casual,16,3,Yes,1026.844
837,Lenovo,Ryzen,AMD,Ryzen 7,Missing,4,DDR4,512,0,Windows,64,4,Casual,16,0,No,950.794
838,Lenovo,Ryzen,AMD,Ryzen 7,Missing,4,DDR4,512,0,Windows,64,4,Casual,16,1,No,1390.87
839,ASUS,Ryzen,AMD,Ryzen 7,Missing,4,DDR4,512,0,Windows,32,4,Casual,Missing,0,No,1039.87
840,DELL,Inspiron,AMD,Ryzen 7,Missing,4,DDR4,512,0,Windows,64,0,Casual,16,1,Yes,1164.4099999999999
841,HP,15s,AMD,Ryzen 7,Missing,4,DDR4,512,0,Windows,64,0,ThinNlight,Missing,1,Yes,890.5
842,Lenovo,Ideapad,AMD,Ryzen 7,Missing,16,DDR4,512,0,Windows,64,0,Casual,14,1,No,954.1999999999999
843,Vaio,E,AMD,Ryzen 7,Missing,8,DDR4,512,0,Windows,64,0,ThinNlight,15.6,2,Yes,753.87
844,HP,Pavilion,AMD,Ryzen 7,Missing,16,DDR4,512,0,Windows,64,2,Casual,14,1,Yes,1039.87
845,HP,Pavilion,AMD,Ryzen 7,Missing,16,DDR4,512,0,Windows,64,4,Gaming,15.6,1,Yes,1104.87
846,MSI,Alpha,AMD,Ryzen 7,Missing,16,DDR4,1024,0,Windows,64,8,Casual,15.6,1,No,1299.87
847,ASUS,ROG,AMD,Ryzen 7,Missing,8,LPDDR4X,1024,0,Windows,64,4,Casual,14,0,No,948.87
848,HP,HP,AMD,Ryzen 7,Missing,16,DDR4,1024,0,Windows,64,0,ThinNlight,13.3,1,Yes,1208.87
849,HP,Pavilion,AMD,Ryzen 7,Missing,16,DDR4,1024,0,Windows,64,0,ThinNlight,13.3,1,Yes,1094.47
850,ASUS,Zenbook,AMD,Ryzen 7,Missing,16,LPDDR4X,1024,0,Windows,64,0,Casual,14,0,No,1468.87
851,ASUS,ROG,AMD,Ryzen 7,Missing,4,DDR5,1024,0,Windows,32,4,Casual,16,1,No,1494.87
852,acer,Swift,AMD,Ryzen 7,Missing,4,DDR4,1024,0,Windows,64,4,Casual,16,1,No,1299.87
853,ASUS,TUF,AMD,Ryzen 7,Missing,4,DDR4,1024,0,Windows,32,4,Gaming,Missing,0,No,1247.87
854,HP,OMEN,AMD,Ryzen 7,Missing,4,DDR4,1024,0,Windows,64,8,Casual,16,1,No,2079.87
855,ASUS,ROG,AMD,Ryzen 7,Missing,4,DDR4,1024,0,Windows,64,0,Casual,Missing,1,Yes,1000.87
856,Lenovo,Legion,AMD,Ryzen 7,Missing,4,DDR4,1024,0,Windows,64,6,Casual,16,1,Yes,1702.87
857,ASUS,VivoBook,AMD,Ryzen 7,Missing,4,DDR4,1024,0,Windows,64,0,Casual,16,1,No,1299.87
858,ASUS,ROG,AMD,Ryzen 7,Missing,4,DDR5,1024,0,Windows,64,4,Casual,16,0,No,1468.87
859,Lenovo,Ideapad,AMD,Ryzen 7,Missing,4,DDR4,1024,0,Windows,64,0,Casual,16,1,Yes,1013.8439999999999
860,ASUS,ROG,AMD,Ryzen 7,Missing,4,DDR4,1024,0,Windows,64,0,Casual,Missing,1,Yes,988.0
861,ASUS,ROG,AMD,Ryzen 7,Missing,4,LPDDR4X,1024,0,Windows,64,4,Casual,16,1,No,1299.87
862,ASUS,Zephyrus,AMD,Ryzen 7,Missing,4,DDR4,1024,0,Windows,64,0,Casual,Missing,1,No,1443.0
863,ASUS,Ryzen,AMD,Ryzen 7,Missing,16,LPDDR4X,1024,0,Windows,64,0,ThinNlight,13.3,1,Yes,1104.61
864,HP,Pavilion,AMD,Ryzen 7,Missing,16,DDR4,256,1024,Windows,64,4,Gaming,15.6,1,Yes,987.87
865,acer,Nitro,AMD,Ryzen 7,Missing,16,DDR4,256,1024,Windows,64,6,Casual,15.6,1,No,1169.87
866,acer,Nitro,AMD,Ryzen 7,Missing,16,DDR4,256,1024,Windows,64,4,Casual,15.6,0,No,1065.87
867,Lenovo,Ryzen,AMD,Ryzen 7,Missing,4,DDR4,512,1024,Windows,32,0,Casual,16,0,No,1046.37
868,ASUS,ROG,AMD,Ryzen 9,Missing,16,DDR4,1024,0,Windows,64,6,Casual,15.6,1,No,1767.87
869,ASUS,ROG,AMD,Ryzen 9,Missing,16,DDR4,1024,0,Windows,32,0,Casual,15.6,1,No,2014.87
870,ASUS,ROG,AMD,Ryzen 9,Missing,16,DDR4,1024,0,Windows,64,8,Casual,15.6,1,Yes,2599.87
871,ASUS,ROG,AMD,Ryzen 9,Missing,16,DDR4,1024,0,Windows,64,4,Casual,15.6,0,No,1494.87
872,ASUS,ROG,AMD,Ryzen 9,Missing,16,DDR4,1024,0,Windows,64,6,Casual,15.6,1,Yes,1689.87
873,ASUS,ROG,AMD,Ryzen 9,Missing,16,LPDDR4X,1024,0,Windows,64,4,Casual,13.4,1,Yes,1494.87
874,MSI,Delta,AMD,Ryzen 9,Missing,4,DDR4,1024,0,Windows,64,0,Casual,16,0,No,1910.87
875,ASUS,VivoBook,AMD,Ryzen 9,Missing,4,DDR4,1024,0,Windows,64,0,Casual,16,1,No,1364.87
876,ASUS,ROG,AMD,Ryzen 9,Missing,4,LPDDR4X,1024,0,Windows,64,4,Casual,16,1,No,1494.87
877,ASUS,ROG,AMD,Ryzen 9,Missing,4,LPDDR4X,1024,0,Windows,64,4,Casual,16,1,Yes,1624.87
878,ASUS,Zenbook,AMD,Ryzen 9,Missing,4,LPDDR4X,1024,0,Windows,64,0,Casual,16,0,No,1754.87
879,HP,OMEN,AMD,Ryzen 9,Missing,4,DDR4,1024,0,Windows,64,8,Casual,16,1,Yes,1845.87
880,ASUS,Rog,AMD,Ryzen 9,Missing,4,DDR4,1024,0,Windows,64,0,Casual,16,1,No,1689.87
881,ASUS,ROG,AMD,Ryzen 9,Missing,4,LPDDR4X,1024,0,Windows,64,4,Casual,Missing,1,Yes,1858.87
882,ASUS,Zephyrus,AMD,Ryzen 9,Missing,4,DDR4,1024,0,Windows,64,0,Casual,16,1,No,1585.87
883,ASUS,ROG,AMD,Ryzen 9,Missing,4,LPDDR4X,1024,0,Windows,64,4,Casual,Missing,1,Yes,1624.87
884,ASUS,ROG,AMD,Ryzen 9,Missing,4,DDR4,1024,0,Windows,64,6,Casual,16,0,No,1845.87
885,ASUS,VivoBook,AMD,Ryzen 9,Missing,4,DDR4,1024,0,Windows,64,4,Casual,16,1,No,2118.87
886,ASUS,VivoBook,AMD,Ryzen 9,Missing,4,DDR4,1024,0,Windows,64,0,Casual,16,1,No,1696.5
887,ASUS,VivoBook,AMD,Ryzen 9,Missing,4,DDR4,1024,0,Windows,64,4,Casual,Missing,0,No,1520.87
888,ASUS,Ryzen,AMD,Ryzen 9,Missing,4,DDR4,1024,0,Windows,32,6,Casual,16,0,No,1806.87
889,ASUS,ROG,AMD,Ryzen 9,Missing,4,LPDDR4X,1024,0,Windows,64,4,Casual,Missing,1,Yes,3054.87
890,ASUS,ROG,AMD,Ryzen 9,Missing,4,DDR4,1024,0,Windows,64,0,Casual,16,1,No,1767.87
891,ASUS,ROG,AMD,Ryzen 9,Missing,4,DDR4,1024,0,Windows,64,0,Casual,16,1,No,1884.87
892,ASUS,Ryzen,AMD,Ryzen 9,Missing,4,DDR4,1024,0,Windows,64,4,Casual,Missing,1,No,1949.87
893,ASUS,Ryzen,AMD,Ryzen 9,Missing,4,DDR4,1024,0,Windows,64,4,Casual,16,1,No,1858.87
894,SAMSUNG,Galaxy,Qualcomm,Snapdragon 7c,Missing,4,LPDDR4X,0,512,Windows,32,0,Casual,Missing,0,No,506.87
895,Lenovo,Thinkpad,AMD,Ryzen 5,10th,8,DDR4,512,0,DOS,64,0,ThinNlight,14,0,No,747.37
